-- MySQL dump 10.19  Distrib 10.3.34-MariaDB, for debian-linux-gnu (x86_64)
--
-- Host: localhost    Database: VMS
-- ------------------------------------------------------
-- Server version	10.3.34-MariaDB-0ubuntu0.20.04.1

/*!40101 SET @OLD_CHARACTER_SET_CLIENT=@@CHARACTER_SET_CLIENT */;
/*!40101 SET @OLD_CHARACTER_SET_RESULTS=@@CHARACTER_SET_RESULTS */;
/*!40101 SET @OLD_COLLATION_CONNECTION=@@COLLATION_CONNECTION */;
/*!40101 SET NAMES utf8mb4 */;
/*!40103 SET @OLD_TIME_ZONE=@@TIME_ZONE */;
/*!40103 SET TIME_ZONE='+00:00' */;
/*!40014 SET @OLD_UNIQUE_CHECKS=@@UNIQUE_CHECKS, UNIQUE_CHECKS=0 */;
/*!40014 SET @OLD_FOREIGN_KEY_CHECKS=@@FOREIGN_KEY_CHECKS, FOREIGN_KEY_CHECKS=0 */;
/*!40101 SET @OLD_SQL_MODE=@@SQL_MODE, SQL_MODE='NO_AUTO_VALUE_ON_ZERO' */;
/*!40111 SET @OLD_SQL_NOTES=@@SQL_NOTES, SQL_NOTES=0 */;

--
-- Table structure for table `accounts`
--

DROP TABLE IF EXISTS `accounts`;
/*!40101 SET @saved_cs_client     = @@character_set_client */;
/*!40101 SET character_set_client = utf8 */;
CREATE TABLE `accounts` (
  `id` int(11) NOT NULL AUTO_INCREMENT,
  `account` varchar(100) NOT NULL,
  `password` varchar(100) NOT NULL,
  `authority` varchar(100) NOT NULL,
  `req_auth` varchar(100) DEFAULT NULL,
  `name` varchar(100) DEFAULT NULL,
  `department` varchar(100) DEFAULT NULL,
  `employee_no` int(11) DEFAULT NULL,
  `surgery_room_auth` longtext CHARACTER SET utf8mb4 COLLATE utf8mb4_bin DEFAULT '[]',
  `dashboard` tinyint(1) NOT NULL DEFAULT 0,
  `surgery` tinyint(1) NOT NULL DEFAULT 0,
  `schedule` tinyint(1) NOT NULL DEFAULT 0,
  `browse` tinyint(1) NOT NULL DEFAULT 0,
  `admin` tinyint(1) NOT NULL DEFAULT 0,
  `setting` tinyint(1) NOT NULL DEFAULT 0,
  PRIMARY KEY (`id`)
) ENGINE=InnoDB AUTO_INCREMENT=4 DEFAULT CHARSET=utf8mb4;
/*!40101 SET character_set_client = @saved_cs_client */;

--
-- Dumping data for table `accounts`
--

LOCK TABLES `accounts` WRITE;
/*!40000 ALTER TABLE `accounts` DISABLE KEYS */;
INSERT INTO `accounts` VALUES (1,'admin','12345','0','0','전준희','외과',1,'',1,1,1,1,1,1),(2,'surgery','12345','0',NULL,'전준희2','외과',2,'[]',0,0,0,1,0,0),(3,'schedule','12345','0',NULL,'전준희3','외과',3,'[]',0,0,0,1,0,0);
/*!40000 ALTER TABLE `accounts` ENABLE KEYS */;
UNLOCK TABLES;

--
-- Table structure for table `devices`
--

DROP TABLE IF EXISTS `devices`;
/*!40101 SET @saved_cs_client     = @@character_set_client */;
/*!40101 SET character_set_client = utf8 */;
CREATE TABLE `devices` (
  `device_id` int(11) NOT NULL AUTO_INCREMENT,
  `device_name` varchar(100) NOT NULL,
  `serial_number` varchar(100) NOT NULL,
  `live_url` varchar(250) NOT NULL,
  `surgery_id` int(11) DEFAULT NULL,
  `grid_layout_id` int(11) DEFAULT NULL,
  `isLive` tinyint(1) NOT NULL DEFAULT 1,
  `device_location` varchar(100) DEFAULT NULL,
  `note` varchar(100) DEFAULT NULL,
  `device_ip` varchar(100) DEFAULT NULL,
  `isLecord` tinyint(1) DEFAULT 0,
  PRIMARY KEY (`device_id`),
  KEY `devices_FK` (`surgery_id`) USING BTREE,
  KEY `devices_FK_1` (`grid_layout_id`) USING BTREE
) ENGINE=InnoDB AUTO_INCREMENT=92 DEFAULT CHARSET=utf8mb4;
/*!40101 SET character_set_client = @saved_cs_client */;

--
-- Dumping data for table `devices`
--

LOCK TABLES `devices` WRITE;
/*!40000 ALTER TABLE `devices` DISABLE KEYS */;
INSERT INTO `devices` VALUES (39,'1-1','1','rtsp://172.16.33.201:9096',1,NULL,1,NULL,'',NULL,0),(42,'1-2','2','rtsp://172.16.33.202:9096',1,NULL,1,NULL,'',NULL,0),(43,'1-3','3','rtsp://172.16.33.203:9096',1,NULL,1,NULL,'',NULL,0),(44,'1-4','4','rtsp://172.16.33.204:9096',1,NULL,1,NULL,'',NULL,0),(45,'2-1','5','rtsp://172.16.33.205:9096',2,NULL,1,NULL,'',NULL,0),(46,'2-2','6','rtsp://172.16.33.206:9096',2,NULL,1,NULL,'',NULL,0),(47,'2-3','7','rtsp://172.16.33.207:9096',2,NULL,1,NULL,'',NULL,0),(48,'2-4','8','rtsp://172.16.33.208:9096',2,NULL,1,NULL,'',NULL,0),(49,'3-1','9','rtsp://172.16.33.209:9096',3,NULL,1,NULL,'9',NULL,0),(50,'3-2','10','rtsp://172.16.33.210:9096',3,NULL,1,NULL,'10',NULL,0),(51,'3-3','11','rtsp://172.16.33.211:9096',3,NULL,1,NULL,'11',NULL,0),(52,'3-4','12','rtsp://172.16.33.212:9096',3,NULL,1,NULL,'12',NULL,0),(53,'4-1','13','rtsp://172.16.33.213:9096',4,NULL,1,NULL,'13',NULL,0),(54,'4-2','14','rtsp://172.16.33.214:9096',4,NULL,1,NULL,'',NULL,0),(55,'4-3','15','rtsp://172.16.33.215:9096',4,NULL,1,NULL,'15',NULL,0),(56,'4-4','16','rtsp://172.16.33.216:9096',4,NULL,1,NULL,'16',NULL,0),(57,'5-1','17','rtsp://172.16.33.217:9096',5,NULL,1,NULL,'17',NULL,0),(58,'5-2','18','rtsp://172.16.33.218:9096',5,NULL,1,NULL,'18',NULL,0),(59,'5-3','19','rtsp://172.16.33.219:9096',5,NULL,1,NULL,'19',NULL,0),(60,'5-4','20','rtsp://172.16.33.220:9096',5,NULL,1,NULL,'',NULL,0);
/*!40000 ALTER TABLE `devices` ENABLE KEYS */;
UNLOCK TABLES;

--
-- Table structure for table `doctors`
--

DROP TABLE IF EXISTS `doctors`;
/*!40101 SET @saved_cs_client     = @@character_set_client */;
/*!40101 SET character_set_client = utf8 */;
CREATE TABLE `doctors` (
  `id` int(11) NOT NULL AUTO_INCREMENT,
  `name` varchar(100) DEFAULT NULL,
  `department` varchar(100) DEFAULT NULL,
  `rank` varchar(100) DEFAULT NULL,
  `employee_id` varchar(100) DEFAULT NULL,
  PRIMARY KEY (`id`)
) ENGINE=InnoDB AUTO_INCREMENT=8 DEFAULT CHARSET=utf8mb4;
/*!40101 SET character_set_client = @saved_cs_client */;

--
-- Dumping data for table `doctors`
--

LOCK TABLES `doctors` WRITE;
/*!40000 ALTER TABLE `doctors` DISABLE KEYS */;
INSERT INTO `doctors` VALUES (4,'의사01','진료과01','직급01','사번01'),(5,'의사02','진료과02','직급02','사번02'),(6,'의사03','진료과03','직급03','사번03'),(7,'의사04','진료과04','직급04','사번04');
/*!40000 ALTER TABLE `doctors` ENABLE KEYS */;
UNLOCK TABLES;

--
-- Table structure for table `grid_layouts`
--

DROP TABLE IF EXISTS `grid_layouts`;
/*!40101 SET @saved_cs_client     = @@character_set_client */;
/*!40101 SET character_set_client = utf8 */;
CREATE TABLE `grid_layouts` (
  `grid_layout_id` int(11) NOT NULL AUTO_INCREMENT,
  `name` varchar(100) NOT NULL,
  PRIMARY KEY (`grid_layout_id`)
) ENGINE=InnoDB DEFAULT CHARSET=utf8mb4;
/*!40101 SET character_set_client = @saved_cs_client */;

--
-- Dumping data for table `grid_layouts`
--

LOCK TABLES `grid_layouts` WRITE;
/*!40000 ALTER TABLE `grid_layouts` DISABLE KEYS */;
/*!40000 ALTER TABLE `grid_layouts` ENABLE KEYS */;
UNLOCK TABLES;

--
-- Table structure for table `history`
--

DROP TABLE IF EXISTS `history`;
/*!40101 SET @saved_cs_client     = @@character_set_client */;
/*!40101 SET character_set_client = utf8 */;
CREATE TABLE `history` (
  `id` int(11) NOT NULL AUTO_INCREMENT,
  `record_id` int(11) NOT NULL,
  `created_at` varchar(100) NOT NULL,
  `account_id` int(11) NOT NULL,
  `type` varchar(100) DEFAULT NULL,
  PRIMARY KEY (`id`),
  KEY `browsing_history_FK` (`record_id`) USING BTREE,
  KEY `browsing_history_FK_1` (`account_id`) USING BTREE
) ENGINE=InnoDB AUTO_INCREMENT=645 DEFAULT CHARSET=utf8mb4;
/*!40101 SET character_set_client = @saved_cs_client */;

--
-- Dumping data for table `history`
--

LOCK TABLES `history` WRITE;
/*!40000 ALTER TABLE `history` DISABLE KEYS */;
INSERT INTO `history` VALUES (1,1,'2021-12-08 15:36:54',1,'browse'),(2,9,'2021-12-16 10:04:12',1,'browse'),(3,9,'2021-12-16 10:04:25',1,'browse'),(4,9,'2021-12-16 10:05:40',1,'browse'),(5,9,'2021-12-16 10:29:04',1,'browse'),(6,21,'2022-01-12 16:31:08',1,'browse'),(7,21,'2022-01-12 16:47:19',1,'browse'),(8,21,'2022-01-12 16:47:27',1,'browse'),(9,21,'2022-01-12 17:06:16',1,'browse'),(10,21,'2022-01-12 17:06:21',1,'browse'),(11,21,'2022-01-14 13:23:25',1,'browse'),(12,21,'2022-01-14 17:12:54',1,'browse'),(13,21,'2022-01-17 10:28:11',1,'browse'),(14,21,'2022-01-17 16:25:23',1,'takeout'),(15,21,'2022-01-17 16:25:35',1,'takeout'),(16,21,'2022-01-17 16:25:36',1,'takeout'),(17,36,'2022-01-20 15:05:57',1,'browse'),(18,36,'2022-01-20 15:16:38',1,'browse'),(19,36,'2022-01-20 15:37:44',1,'browse'),(20,36,'2022-01-20 15:44:35',1,'browse'),(21,36,'2022-01-20 15:46:12',1,'browse'),(22,36,'2022-01-20 17:58:02',1,'browse'),(23,36,'2022-01-21 10:18:01',1,'browse'),(24,36,'2022-01-21 10:25:00',1,'browse'),(25,36,'2022-01-21 10:32:15',1,'browse'),(26,36,'2022-01-21 10:52:37',1,'browse'),(27,36,'2022-01-21 10:53:15',1,'browse'),(28,36,'2022-01-21 10:54:05',1,'browse'),(29,36,'2022-01-21 10:54:23',1,'browse'),(30,36,'2022-01-21 10:54:58',1,'browse'),(31,36,'2022-01-21 10:55:26',1,'browse'),(32,36,'2022-01-21 10:55:50',1,'browse'),(33,36,'2022-01-21 11:05:46',1,'browse'),(34,36,'2022-01-21 11:26:06',1,'browse'),(35,36,'2022-01-21 11:26:39',1,'browse'),(36,37,'2022-01-21 11:30:30',1,'takeout'),(37,36,'2022-01-21 11:56:14',1,'browse'),(38,36,'2022-01-21 12:21:14',1,'browse'),(39,36,'2022-01-21 16:43:38',1,'browse'),(40,36,'2022-01-21 16:52:07',1,'browse'),(41,36,'2022-01-21 17:14:33',1,'browse'),(42,36,'2022-01-24 02:40:27',1,'browse'),(43,36,'2022-01-24 10:44:54',1,'browse'),(44,36,'2022-01-24 10:45:17',1,'browse'),(45,36,'2022-01-24 10:46:48',1,'browse'),(46,36,'2022-01-24 10:47:59',1,'browse'),(47,36,'2022-01-24 15:11:59',1,'browse'),(48,36,'2022-01-24 17:44:32',1,'browse'),(49,36,'2022-01-24 17:45:37',1,'browse'),(50,36,'2022-01-24 17:48:45',1,'browse'),(51,36,'2022-01-24 17:48:56',1,'browse'),(52,36,'2022-01-24 17:49:39',1,'browse'),(53,36,'2022-01-24 17:49:41',1,'browse'),(54,36,'2022-01-24 17:50:01',1,'browse'),(55,36,'2022-01-24 18:16:40',1,'browse'),(56,36,'2022-01-24 18:17:33',1,'browse'),(57,36,'2022-01-24 18:17:52',1,'browse'),(58,36,'2022-01-24 18:18:28',1,'browse'),(59,36,'2022-01-24 18:19:21',1,'browse'),(60,36,'2022-01-24 18:21:44',1,'browse'),(61,36,'2022-01-24 18:22:51',1,'browse'),(62,36,'2022-01-24 18:23:21',1,'browse'),(63,36,'2022-01-25 09:23:49',1,'browse'),(64,36,'2022-01-25 09:27:45',1,'browse'),(65,36,'2022-01-25 10:01:47',1,'browse'),(66,36,'2022-01-25 10:16:58',1,'browse'),(67,36,'2022-01-25 10:17:27',1,'browse'),(68,36,'2022-01-25 10:48:50',1,'browse'),(69,36,'2022-01-25 15:12:43',1,'browse'),(70,36,'2022-01-25 15:16:30',1,'browse'),(71,36,'2022-01-25 15:28:22',1,'browse'),(72,36,'2022-01-25 15:33:19',1,'browse'),(73,36,'2022-01-25 15:35:12',1,'browse'),(74,36,'2022-01-25 16:11:50',1,'browse'),(75,36,'2022-01-25 16:20:34',1,'browse'),(76,36,'2022-01-26 22:33:17',1,'browse'),(77,37,'2022-01-26 22:33:42',1,'takeout'),(78,36,'2022-01-26 22:34:00',1,'browse'),(79,36,'2022-01-27 08:40:08',1,'browse'),(80,37,'2022-02-14 10:08:51',1,'browse'),(81,37,'2022-02-16 17:25:08',1,'browse'),(82,38,'2022-02-16 17:29:03',1,'browse'),(83,38,'2022-02-16 17:29:28',1,'browse'),(84,40,'2022-02-17 11:08:01',1,'browse'),(85,40,'2022-02-17 11:09:18',1,'browse'),(86,40,'2022-02-17 11:37:22',1,'browse'),(87,40,'2022-02-17 11:43:50',1,'browse'),(88,40,'2022-02-17 11:56:09',1,'browse'),(89,40,'2022-02-17 12:49:07',1,'browse'),(90,40,'2022-02-17 13:49:54',1,'browse'),(91,40,'2022-02-17 14:04:19',1,'browse'),(92,40,'2022-02-18 10:14:58',1,'browse'),(93,40,'2022-02-18 10:15:01',1,'browse'),(94,40,'2022-02-18 10:19:52',1,'browse'),(95,50,'2022-02-18 11:58:56',1,'browse'),(96,50,'2022-02-18 11:59:32',1,'browse'),(97,47,'2022-02-18 12:01:53',1,'browse'),(98,53,'2022-02-18 12:52:51',1,'browse'),(99,54,'2022-02-18 13:40:15',1,'browse'),(100,54,'2022-02-18 13:43:32',1,'browse'),(101,53,'2022-02-18 13:46:29',1,'browse'),(102,54,'2022-02-18 13:46:08',1,'browse'),(103,54,'2022-02-18 13:46:37',1,'browse'),(104,53,'2022-02-18 13:47:23',1,'browse'),(105,54,'2022-02-18 13:47:57',1,'browse'),(106,54,'2022-02-18 13:48:20',1,'browse'),(107,54,'2022-02-18 13:50:17',1,'browse'),(108,54,'2022-02-18 13:51:30',1,'browse'),(109,54,'2022-02-18 13:58:42',1,'browse'),(110,54,'2022-02-18 13:59:28',1,'browse'),(111,54,'2022-02-18 14:08:30',1,'browse'),(112,54,'2022-02-18 14:09:29',1,'browse'),(113,53,'2022-02-18 14:09:33',1,'browse'),(114,53,'2022-02-18 14:09:39',1,'browse'),(115,54,'2022-02-18 14:09:43',1,'browse'),(116,47,'2022-02-18 14:08:55',1,'browse'),(117,53,'2022-02-18 14:09:01',1,'browse'),(118,54,'2022-02-18 14:09:14',1,'browse'),(119,56,'2022-02-18 14:18:49',1,'browse'),(120,56,'2022-02-18 14:20:17',1,'browse'),(121,54,'2022-02-18 14:20:29',1,'browse'),(122,54,'2022-02-18 14:23:21',1,'browse'),(123,56,'2022-02-18 14:25:02',1,'browse'),(124,56,'2022-02-18 14:25:43',1,'browse'),(125,56,'2022-02-18 14:25:50',1,'browse'),(126,54,'2022-02-18 14:25:51',1,'browse'),(127,54,'2022-02-18 14:26:29',1,'browse'),(128,56,'2022-02-18 14:27:21',1,'browse'),(129,54,'2022-02-18 14:27:30',1,'browse'),(130,54,'2022-02-18 14:27:45',1,'browse'),(131,55,'2022-02-18 14:27:23',1,'browse'),(132,56,'2022-02-18 14:27:50',1,'browse'),(133,56,'2022-02-18 14:34:54',1,'takeout'),(134,56,'2022-02-18 14:35:01',1,'takeout'),(135,56,'2022-02-18 14:35:04',1,'takeout'),(136,56,'2022-02-18 14:35:08',1,'takeout'),(137,56,'2022-02-18 14:35:17',1,'takeout'),(138,56,'2022-02-18 14:35:22',1,'takeout'),(139,55,'2022-02-18 14:37:07',1,'browse'),(140,56,'2022-02-18 14:50:02',1,'browse'),(141,54,'2022-02-18 14:50:07',1,'browse'),(142,54,'2022-02-18 14:50:23',1,'browse'),(143,54,'2022-02-18 14:51:17',1,'browse'),(144,54,'2022-02-18 14:53:05',1,'browse'),(145,55,'2022-02-18 15:12:48',1,'browse'),(146,55,'2022-02-18 15:15:02',1,'browse'),(147,55,'2022-02-18 15:17:56',1,'browse'),(148,56,'2022-02-18 15:37:24',1,'browse'),(149,54,'2022-02-18 16:05:17',1,'browse'),(150,53,'2022-02-18 16:05:22',1,'browse'),(151,50,'2022-02-18 16:05:28',1,'browse'),(152,47,'2022-02-18 16:05:31',1,'browse'),(153,55,'2022-02-18 16:29:37',1,'browse'),(154,57,'2022-02-18 16:34:01',1,'browse'),(155,58,'2022-02-18 16:34:10',1,'browse'),(156,57,'2022-02-18 16:34:49',1,'browse'),(157,57,'2022-02-18 16:50:43',1,'browse'),(158,58,'2022-02-18 17:44:52',1,'browse'),(159,58,'2022-02-18 17:53:51',1,'browse'),(160,58,'2022-02-18 17:55:58',1,'browse'),(161,56,'2022-02-18 17:57:47',1,'takeout'),(162,51,'2022-02-18 18:01:21',1,'browse'),(163,51,'2022-02-18 18:01:47',1,'browse'),(164,58,'2022-02-18 18:02:40',1,'browse'),(165,51,'2022-02-18 18:03:17',1,'browse'),(166,51,'2022-02-18 18:03:24',1,'browse'),(167,57,'2022-02-18 18:03:30',1,'browse'),(168,40,'2022-02-18 18:03:39',1,'browse'),(169,58,'2022-02-18 18:04:52',1,'browse'),(170,51,'2022-02-18 18:05:25',1,'browse'),(171,54,'2022-02-18 18:05:39',1,'browse'),(172,51,'2022-02-18 18:05:42',1,'browse'),(173,51,'2022-02-18 18:07:07',1,'browse'),(174,50,'2022-02-18 18:07:33',1,'browse'),(175,53,'2022-02-18 18:07:35',1,'browse'),(176,53,'2022-02-18 18:07:41',1,'browse'),(177,51,'2022-02-18 18:07:44',1,'browse'),(178,54,'2022-02-18 18:07:46',1,'browse'),(179,51,'2022-02-18 18:07:47',1,'browse'),(180,51,'2022-02-18 18:08:53',1,'browse'),(181,51,'2022-02-18 18:08:54',1,'browse'),(182,51,'2022-02-18 18:08:56',1,'browse'),(183,51,'2022-02-18 18:09:17',1,'browse'),(184,51,'2022-02-18 18:10:00',1,'browse'),(185,51,'2022-02-18 18:10:44',1,'browse'),(186,51,'2022-02-18 18:11:44',1,'browse'),(187,51,'2022-02-21 09:20:19',1,'browse'),(188,53,'2022-02-21 09:20:20',1,'browse'),(189,54,'2022-02-21 09:20:22',1,'browse'),(190,50,'2022-02-21 09:20:24',1,'browse'),(191,50,'2022-02-21 09:20:32',1,'browse'),(192,59,'2022-02-21 09:47:13',1,'browse'),(193,59,'2022-02-21 09:50:28',1,'browse'),(194,59,'2022-02-21 09:51:17',1,'browse'),(195,59,'2022-02-21 10:00:30',1,'browse'),(196,59,'2022-02-21 10:47:30',1,'browse'),(197,59,'2022-02-21 10:55:20',1,'browse'),(198,59,'2022-02-21 11:19:09',1,'browse'),(199,59,'2022-02-21 13:42:49',1,'browse'),(200,66,'2022-02-21 13:53:09',1,'browse'),(201,69,'2022-02-21 13:54:12',1,'browse'),(202,69,'2022-02-21 13:59:23',1,'browse'),(203,56,'2022-02-21 14:06:44',1,'takeout'),(204,69,'2022-02-21 14:19:05',1,'browse'),(205,69,'2022-02-21 14:52:26',1,'browse'),(206,70,'2022-02-21 14:56:06',1,'browse'),(207,70,'2022-02-21 14:56:52',1,'browse'),(208,70,'2022-02-21 14:59:07',1,'browse'),(209,70,'2022-02-21 15:00:03',1,'browse'),(210,70,'2022-02-21 15:00:49',1,'browse'),(211,70,'2022-02-21 15:02:53',1,'browse'),(212,69,'2022-02-21 15:02:54',1,'browse'),(213,70,'2022-02-21 15:03:00',1,'browse'),(214,69,'2022-02-21 15:08:45',1,'browse'),(215,70,'2022-02-21 15:12:17',1,'browse'),(216,69,'2022-02-21 15:23:49',1,'browse'),(217,70,'2022-02-21 15:24:03',1,'browse'),(218,71,'2022-02-21 15:26:04',1,'browse'),(219,70,'2022-02-21 15:26:17',1,'browse'),(220,71,'2022-02-21 15:57:43',1,'browse'),(221,71,'2022-02-21 15:58:29',1,'browse'),(222,69,'2022-02-21 16:00:30',1,'browse'),(223,69,'2022-02-21 17:49:01',1,'browse'),(224,66,'2022-02-21 17:49:08',1,'browse'),(225,66,'2022-02-21 17:49:23',1,'browse'),(226,71,'2022-02-21 17:51:01',1,'browse'),(227,70,'2022-02-21 17:51:27',1,'browse'),(228,72,'2022-02-22 08:59:00',1,'browse'),(229,75,'2022-02-22 09:00:13',1,'browse'),(230,72,'2022-02-22 09:01:01',1,'browse'),(231,75,'2022-02-22 09:03:48',1,'browse'),(232,75,'2022-02-22 09:03:57',1,'browse'),(233,75,'2022-02-22 09:04:14',1,'browse'),(234,75,'2022-02-22 09:05:46',1,'browse'),(235,75,'2022-02-22 09:06:47',1,'browse'),(236,75,'2022-02-22 09:08:53',1,'browse'),(237,75,'2022-02-22 09:13:27',1,'browse'),(238,75,'2022-02-22 09:43:44',1,'browse'),(239,75,'2022-02-22 09:45:36',1,'browse'),(240,78,'2022-02-22 10:27:30',1,'browse'),(241,78,'2022-02-22 10:27:38',1,'browse'),(242,78,'2022-02-22 10:27:58',1,'browse'),(243,78,'2022-02-22 10:28:03',1,'browse'),(244,78,'2022-02-22 10:28:52',1,'browse'),(245,78,'2022-02-22 10:29:09',1,'browse'),(246,78,'2022-02-22 10:29:29',1,'browse'),(247,78,'2022-02-22 10:29:37',1,'browse'),(248,78,'2022-02-22 10:30:09',1,'browse'),(249,78,'2022-02-22 10:30:29',1,'browse'),(250,78,'2022-02-22 10:31:04',1,'browse'),(251,78,'2022-02-22 10:31:31',1,'browse'),(252,78,'2022-02-22 10:32:03',1,'browse'),(253,78,'2022-02-22 10:34:54',1,'browse'),(254,78,'2022-02-22 10:35:04',1,'browse'),(255,78,'2022-02-22 10:35:17',1,'browse'),(256,78,'2022-02-22 10:36:43',1,'browse'),(257,78,'2022-02-22 10:36:59',1,'browse'),(258,78,'2022-02-22 10:37:06',1,'browse'),(259,78,'2022-02-22 10:37:45',1,'browse'),(260,78,'2022-02-22 10:37:46',1,'browse'),(261,78,'2022-02-22 10:36:53',1,'browse'),(262,77,'2022-02-22 10:38:00',1,'browse'),(263,77,'2022-02-22 10:38:01',1,'browse'),(264,75,'2022-02-22 10:38:02',1,'browse'),(265,77,'2022-02-22 10:38:04',1,'browse'),(266,78,'2022-02-22 10:38:06',1,'browse'),(267,78,'2022-02-22 10:38:08',1,'browse'),(268,78,'2022-02-22 10:38:10',1,'browse'),(269,78,'2022-02-22 10:37:23',1,'browse'),(270,78,'2022-02-22 10:38:42',1,'browse'),(271,78,'2022-02-22 10:38:58',1,'browse'),(272,77,'2022-02-22 10:39:11',1,'browse'),(273,78,'2022-02-22 10:39:29',1,'browse'),(274,77,'2022-02-22 10:39:35',1,'browse'),(275,77,'2022-02-22 10:41:23',1,'browse'),(276,77,'2022-02-22 10:41:47',1,'browse'),(277,78,'2022-02-22 10:41:55',1,'browse'),(278,78,'2022-02-22 10:42:01',1,'browse'),(279,78,'2022-02-22 10:42:04',1,'browse'),(280,78,'2022-02-22 10:42:05',1,'browse'),(281,78,'2022-02-22 10:42:12',1,'browse'),(282,78,'2022-02-22 10:41:57',1,'browse'),(283,78,'2022-02-22 10:42:02',1,'browse'),(284,79,'2022-02-22 10:45:45',1,'browse'),(285,79,'2022-02-22 10:45:55',1,'browse'),(286,79,'2022-02-22 10:46:09',1,'browse'),(287,79,'2022-02-22 10:46:15',1,'browse'),(288,79,'2022-02-22 10:46:22',1,'browse'),(289,79,'2022-02-22 10:46:26',1,'browse'),(290,78,'2022-02-22 10:46:30',1,'browse'),(291,79,'2022-02-22 10:46:33',1,'browse'),(292,79,'2022-02-22 10:46:36',1,'browse'),(293,79,'2022-02-22 10:46:41',1,'browse'),(294,79,'2022-02-22 10:46:46',1,'browse'),(295,79,'2022-02-22 10:46:49',1,'browse'),(296,79,'2022-02-22 10:46:54',1,'browse'),(297,79,'2022-02-22 10:48:13',1,'browse'),(298,78,'2022-02-22 10:48:29',1,'browse'),(299,78,'2022-02-22 10:49:06',1,'browse'),(300,79,'2022-02-22 10:51:27',1,'browse'),(301,79,'2022-02-22 10:52:23',1,'browse'),(302,78,'2022-02-22 10:52:28',1,'browse'),(303,78,'2022-02-22 10:58:06',1,'browse'),(304,78,'2022-02-22 10:58:13',1,'browse'),(305,77,'2022-02-22 10:58:16',1,'browse'),(306,79,'2022-02-22 10:58:17',1,'browse'),(307,80,'2022-02-22 10:59:09',1,'browse'),(308,80,'2022-02-22 10:59:11',1,'browse'),(309,81,'2022-02-22 11:00:54',1,'browse'),(310,82,'2022-02-22 11:04:20',1,'browse'),(311,82,'2022-02-22 11:04:26',1,'browse'),(312,82,'2022-02-22 11:04:57',1,'browse'),(313,82,'2022-02-22 11:05:07',1,'browse'),(314,82,'2022-02-22 11:05:15',1,'browse'),(315,82,'2022-02-22 11:05:33',1,'browse'),(316,82,'2022-02-22 11:05:47',1,'browse'),(317,82,'2022-02-22 11:06:58',1,'browse'),(318,82,'2022-02-22 11:06:08',1,'browse'),(319,85,'2022-02-22 11:34:41',1,'browse'),(320,90,'2022-02-22 11:51:59',1,'browse'),(321,90,'2022-02-22 11:52:23',1,'browse'),(322,90,'2022-02-22 11:52:47',1,'browse'),(323,90,'2022-02-22 12:43:07',1,'browse'),(324,90,'2022-02-22 13:01:04',1,'browse'),(325,85,'2022-02-22 13:16:07',1,'browse'),(326,90,'2022-02-22 14:57:41',1,'browse'),(327,91,'2022-02-22 15:01:23',1,'browse'),(328,90,'2022-02-22 15:03:39',1,'browse'),(329,86,'2022-02-22 15:04:41',1,'browse'),(330,91,'2022-02-22 15:11:14',1,'browse'),(331,86,'2022-02-22 15:12:18',1,'browse'),(332,91,'2022-02-22 15:42:03',1,'browse'),(333,90,'2022-02-22 15:54:57',1,'browse'),(334,86,'2022-02-22 15:55:41',1,'browse'),(335,91,'2022-02-22 15:56:21',1,'browse'),(336,91,'2022-02-22 18:04:50',1,'browse'),(337,92,'2022-02-23 09:06:42',1,'browse'),(338,93,'2022-02-23 09:08:22',1,'browse'),(339,92,'2022-02-23 09:08:28',1,'browse'),(340,92,'2022-02-23 09:09:04',1,'browse'),(341,92,'2022-02-23 09:10:09',1,'browse'),(342,93,'2022-02-23 09:27:40',1,'browse'),(343,92,'2022-02-23 09:28:27',1,'browse'),(344,93,'2022-02-23 09:58:13',1,'browse'),(345,93,'2022-02-23 10:07:19',1,'browse'),(346,92,'2022-02-23 10:16:36',1,'browse'),(347,92,'2022-02-23 10:18:35',1,'browse'),(348,93,'2022-02-23 10:24:29',1,'browse'),(349,93,'2022-02-23 10:24:43',1,'browse'),(350,92,'2022-02-23 10:29:28',1,'browse'),(351,93,'2022-02-23 10:39:57',1,'browse'),(352,93,'2022-02-23 10:40:24',1,'browse'),(353,94,'2022-02-23 10:44:46',1,'browse'),(354,94,'2022-02-23 10:46:23',1,'browse'),(355,94,'2022-02-23 10:49:11',1,'browse'),(356,95,'2022-02-23 11:46:34',1,'browse'),(357,95,'2022-02-23 11:46:54',1,'browse'),(358,96,'2022-02-23 13:40:46',1,'browse'),(359,97,'2022-02-23 13:41:33',1,'browse'),(360,97,'2022-02-23 14:23:35',1,'browse'),(361,100,'2022-02-23 16:22:27',1,'browse'),(362,100,'2022-02-23 16:24:03',1,'browse'),(363,100,'2022-02-23 16:25:15',1,'browse'),(364,97,'2022-02-24 09:02:51',1,'browse'),(365,98,'2022-02-24 09:04:31',1,'browse'),(366,100,'2022-02-24 09:12:09',1,'browse'),(367,99,'2022-02-24 09:12:39',1,'browse'),(368,98,'2022-02-24 09:21:25',1,'browse'),(369,98,'2022-02-24 09:22:03',1,'browse'),(370,98,'2022-02-24 09:24:35',1,'browse'),(371,56,'2022-02-24 16:09:50',1,'takeout'),(372,101,'2022-02-25 13:40:02',1,'browse'),(373,102,'2022-02-25 16:36:52',1,'browse'),(374,104,'2022-02-28 09:19:28',1,'browse'),(375,103,'2022-02-28 09:19:42',1,'browse'),(376,104,'2022-02-28 09:24:48',1,'browse'),(377,103,'2022-02-28 09:25:00',1,'browse'),(378,102,'2022-02-28 09:25:39',1,'browse'),(379,104,'2022-02-28 09:25:47',1,'browse'),(380,103,'2022-02-28 09:25:54',1,'browse'),(381,104,'2022-02-28 09:32:15',1,'browse'),(382,103,'2022-02-28 09:32:56',1,'browse'),(383,104,'2022-02-28 09:34:15',1,'browse'),(384,104,'2022-02-28 11:03:42',1,'browse'),(385,103,'2022-02-28 11:04:00',1,'browse'),(386,103,'2022-02-28 11:04:18',1,'browse'),(387,103,'2022-02-28 11:04:24',1,'browse'),(388,103,'2022-02-28 11:04:29',1,'browse'),(389,103,'2022-02-28 11:05:40',1,'browse'),(390,103,'2022-02-28 11:06:13',1,'browse'),(391,103,'2022-02-28 11:06:40',1,'browse'),(392,103,'2022-02-28 11:07:02',1,'browse'),(393,104,'2022-02-28 11:07:00',1,'browse'),(394,104,'2022-02-28 11:07:15',1,'browse'),(395,103,'2022-02-28 11:07:04',1,'browse'),(396,103,'2022-02-28 11:07:18',1,'browse'),(397,103,'2022-02-28 11:08:04',1,'browse'),(398,103,'2022-02-28 11:08:40',1,'browse'),(399,104,'2022-02-28 11:11:30',1,'browse'),(400,103,'2022-02-28 11:11:49',1,'browse'),(401,104,'2022-02-28 11:11:53',1,'browse'),(402,103,'2022-02-28 11:11:49',1,'browse'),(403,101,'2022-02-28 11:12:16',1,'browse'),(404,103,'2022-02-28 11:19:37',1,'browse'),(405,103,'2022-02-28 11:21:04',1,'browse'),(406,103,'2022-02-28 11:39:43',1,'browse'),(407,104,'2022-02-28 11:39:47',1,'browse'),(408,103,'2022-02-28 11:41:44',1,'browse'),(409,103,'2022-02-28 11:42:25',1,'browse'),(410,104,'2022-02-28 11:42:30',1,'browse'),(411,103,'2022-02-28 13:15:24',1,'browse'),(412,105,'2022-02-28 13:27:53',1,'browse'),(413,106,'2022-02-28 13:28:01',1,'browse'),(414,105,'2022-02-28 13:28:15',1,'browse'),(415,106,'2022-02-28 13:28:19',1,'browse'),(416,105,'2022-02-28 13:28:33',1,'browse'),(417,105,'2022-02-28 13:28:43',1,'browse'),(418,106,'2022-02-28 13:28:52',1,'browse'),(419,105,'2022-02-28 13:28:59',1,'browse'),(420,104,'2022-02-28 13:29:02',1,'browse'),(421,105,'2022-02-28 13:31:23',1,'browse'),(422,106,'2022-02-28 13:31:26',1,'browse'),(423,109,'2022-02-28 14:29:45',1,'browse'),(424,108,'2022-02-28 14:29:53',1,'browse'),(425,108,'2022-02-28 14:30:09',1,'browse'),(426,108,'2022-02-28 14:30:31',1,'browse'),(427,109,'2022-02-28 14:30:40',1,'browse'),(428,108,'2022-02-28 14:31:21',1,'browse'),(429,109,'2022-02-28 14:31:27',1,'browse'),(430,109,'2022-02-28 14:32:20',1,'browse'),(431,109,'2022-02-28 14:33:29',1,'browse'),(432,108,'2022-02-28 14:33:39',1,'browse'),(433,108,'2022-02-28 14:33:58',1,'browse'),(434,109,'2022-02-28 14:34:26',1,'browse'),(435,108,'2022-02-28 14:34:35',1,'browse'),(436,109,'2022-02-28 14:35:20',1,'browse'),(437,109,'2022-02-28 14:35:45',1,'browse'),(438,108,'2022-02-28 14:35:51',1,'browse'),(439,108,'2022-02-28 14:35:59',1,'browse'),(440,109,'2022-02-28 14:36:23',1,'browse'),(441,109,'2022-02-28 14:36:40',1,'browse'),(442,113,'2022-02-28 15:17:51',1,'browse'),(443,113,'2022-02-28 15:35:20',1,'browse'),(444,114,'2022-02-28 15:35:54',1,'browse'),(445,114,'2022-02-28 16:17:41',1,'browse'),(446,113,'2022-02-28 16:18:27',1,'browse'),(447,115,'2022-02-28 16:18:45',1,'browse'),(448,115,'2022-02-28 16:18:53',1,'browse'),(449,115,'2022-02-28 16:19:12',1,'browse'),(450,115,'2022-02-28 17:44:54',1,'browse'),(451,115,'2022-03-02 09:29:36',1,'browse'),(452,117,'2022-03-02 11:13:39',1,'browse'),(453,117,'2022-03-02 11:28:01',1,'browse'),(454,118,'2022-03-02 11:31:01',1,'browse'),(455,119,'2022-03-02 11:33:47',1,'browse'),(456,117,'2022-03-02 12:01:57',1,'browse'),(457,118,'2022-03-02 12:06:22',1,'browse'),(458,120,'2022-03-02 12:57:05',1,'browse'),(459,120,'2022-03-02 12:58:50',1,'browse'),(460,121,'2022-03-02 12:59:38',1,'browse'),(461,122,'2022-03-02 13:25:24',1,'browse'),(462,123,'2022-03-02 13:27:17',1,'browse'),(463,126,'2022-03-02 14:26:50',1,'browse'),(464,127,'2022-03-02 14:31:28',1,'browse'),(465,127,'2022-03-02 14:31:31',1,'browse'),(466,126,'2022-03-02 14:33:57',1,'browse'),(467,120,'2022-03-02 14:34:32',1,'browse'),(468,126,'2022-03-02 14:35:02',1,'browse'),(469,127,'2022-03-02 14:40:10',1,'browse'),(470,122,'2022-03-02 14:40:56',1,'browse'),(471,105,'2022-03-02 14:41:24',1,'browse'),(472,126,'2022-03-02 14:41:37',1,'browse'),(473,117,'2022-03-02 14:53:39',1,'browse'),(474,128,'2022-03-02 16:28:18',1,'browse'),(475,129,'2022-03-02 16:29:27',1,'browse'),(476,130,'2022-03-02 16:31:07',1,'browse'),(477,131,'2022-03-02 16:31:45',1,'browse'),(478,131,'2022-03-02 16:33:24',1,'browse'),(479,132,'2022-03-02 16:34:53',1,'browse'),(480,133,'2022-03-02 16:39:56',1,'browse'),(481,133,'2022-03-02 16:40:03',1,'browse'),(482,134,'2022-03-03 09:32:54',1,'browse'),(483,134,'2022-03-03 09:33:29',1,'browse'),(484,134,'2022-03-03 09:33:39',1,'browse'),(485,134,'2022-03-03 09:34:07',1,'browse'),(486,134,'2022-03-03 09:34:15',1,'browse'),(487,134,'2022-03-03 09:42:12',1,'browse'),(488,130,'2022-03-03 09:42:42',1,'browse'),(489,135,'2022-03-03 10:14:17',1,'browse'),(490,136,'2022-03-03 10:21:28',1,'browse'),(491,136,'2022-03-03 10:24:14',1,'browse'),(492,136,'2022-03-03 10:24:21',1,'browse'),(493,136,'2022-03-03 10:24:17',1,'browse'),(494,135,'2022-03-03 10:24:30',1,'browse'),(495,135,'2022-03-03 10:24:22',1,'browse'),(496,134,'2022-03-03 10:27:00',1,'browse'),(497,126,'2022-03-03 10:28:16',1,'browse'),(498,137,'2022-03-03 10:35:19',1,'browse'),(499,137,'2022-03-03 10:40:18',1,'browse'),(500,136,'2022-03-03 10:41:19',1,'browse'),(501,137,'2022-03-03 10:41:27',1,'browse'),(502,135,'2022-03-03 10:41:43',1,'browse'),(503,113,'2022-03-03 10:49:19',1,'browse'),(504,113,'2022-03-03 10:49:22',1,'browse'),(505,134,'2022-03-03 10:53:23',1,'browse'),(506,127,'2022-03-03 11:03:37',1,'browse'),(507,134,'2022-03-03 11:10:58',1,'takeout'),(508,134,'2022-03-03 11:38:47',1,'takeout'),(509,134,'2022-03-03 11:39:20',1,'takeout'),(510,137,'2022-03-03 17:39:58',1,'browse'),(511,137,'2022-03-03 17:43:14',1,'browse'),(512,137,'2022-03-04 14:09:39',1,'browse'),(513,137,'2022-03-04 15:59:29',1,'browse'),(514,136,'2022-03-04 16:15:57',1,'browse'),(515,136,'2022-03-04 16:16:06',1,'browse'),(516,134,'2022-03-04 16:16:11',1,'browse'),(517,142,'2022-03-04 16:17:52',1,'browse'),(518,140,'2022-03-04 16:18:00',1,'browse'),(519,138,'2022-03-04 16:18:11',1,'browse'),(520,142,'2022-03-04 16:23:25',1,'browse'),(521,142,'2022-03-04 16:26:22',1,'takeout'),(522,142,'2022-03-04 16:26:30',1,'takeout'),(523,142,'2022-03-04 16:27:58',1,'browse'),(524,142,'2022-03-04 16:28:12',1,'browse'),(525,142,'2022-03-04 16:29:25',1,'browse'),(526,142,'2022-03-04 16:36:27',1,'browse'),(527,140,'2022-03-04 16:36:39',1,'browse'),(528,142,'2022-03-04 16:42:08',1,'browse'),(529,109,'2022-03-04 16:43:27',1,'browse'),(530,142,'2022-03-04 16:46:43',1,'browse'),(531,142,'2022-03-04 16:48:14',1,'browse'),(532,142,'2022-03-04 16:53:04',1,'browse'),(533,142,'2022-03-04 16:53:11',1,'browse'),(534,142,'2022-03-04 16:53:48',1,'browse'),(535,142,'2022-03-04 16:56:07',1,'browse'),(536,142,'2022-03-04 17:01:31',1,'browse'),(537,142,'2022-03-04 17:01:43',1,'browse'),(538,142,'2022-03-04 17:01:58',1,'browse'),(539,151,'2022-03-04 17:04:34',1,'browse'),(540,151,'2022-03-04 17:09:04',1,'browse'),(541,152,'2022-03-04 17:09:59',1,'browse'),(542,152,'2022-03-04 17:10:59',1,'browse'),(543,115,'2022-03-04 17:11:38',1,'browse'),(544,152,'2022-03-04 17:12:13',1,'browse'),(545,151,'2022-03-04 17:14:39',1,'browse'),(546,142,'2022-03-04 17:14:53',1,'browse'),(547,152,'2022-03-04 17:14:56',1,'browse'),(548,152,'2022-03-04 17:15:17',1,'browse'),(549,152,'2022-03-04 17:15:33',1,'browse'),(550,152,'2022-03-04 17:17:53',1,'browse'),(551,152,'2022-03-04 17:22:38',1,'browse'),(552,157,'2022-03-04 17:23:21',1,'browse'),(553,156,'2022-03-04 17:23:26',1,'browse'),(554,155,'2022-03-04 17:23:32',1,'browse'),(555,154,'2022-03-04 17:23:41',1,'browse'),(556,152,'2022-03-04 17:23:51',1,'browse'),(557,154,'2022-03-04 17:23:56',1,'browse'),(558,153,'2022-03-04 17:24:03',1,'browse'),(559,152,'2022-03-04 17:24:11',1,'browse'),(560,154,'2022-03-04 17:24:49',1,'browse'),(561,153,'2022-03-04 17:24:52',1,'browse'),(562,152,'2022-03-04 17:24:55',1,'browse'),(563,151,'2022-03-04 17:25:04',1,'browse'),(564,151,'2022-03-04 17:25:10',1,'browse'),(565,158,'2022-03-04 17:25:30',1,'browse'),(566,157,'2022-03-04 17:25:35',1,'browse'),(567,156,'2022-03-04 17:25:42',1,'browse'),(568,155,'2022-03-04 17:25:47',1,'browse'),(569,153,'2022-03-04 17:26:00',1,'browse'),(570,158,'2022-03-04 17:26:29',1,'browse'),(571,154,'2022-03-04 17:26:22',1,'browse'),(572,153,'2022-03-04 17:26:39',1,'browse'),(573,151,'2022-03-04 17:26:41',1,'browse'),(574,151,'2022-03-04 17:26:45',1,'browse'),(575,151,'2022-03-04 17:26:52',1,'browse'),(576,153,'2022-03-04 17:26:49',1,'browse'),(577,159,'2022-03-04 17:29:21',1,'browse'),(578,160,'2022-03-04 17:33:36',1,'browse'),(579,160,'2022-03-04 17:33:44',1,'browse'),(580,159,'2022-03-04 17:34:08',1,'browse'),(581,158,'2022-03-04 17:34:15',1,'browse'),(582,157,'2022-03-04 17:34:17',1,'browse'),(583,156,'2022-03-04 17:34:21',1,'browse'),(584,155,'2022-03-04 17:34:23',1,'browse'),(585,154,'2022-03-04 17:34:26',1,'browse'),(586,155,'2022-03-04 17:34:31',1,'browse'),(587,153,'2022-03-04 17:34:38',1,'browse'),(588,160,'2022-03-04 17:34:47',1,'browse'),(589,160,'2022-03-04 17:35:25',1,'browse'),(590,165,'2022-03-04 17:37:19',1,'browse'),(591,165,'2022-03-04 17:43:21',1,'browse'),(592,170,'2022-03-04 17:43:54',1,'browse'),(593,169,'2022-03-04 17:43:55',1,'browse'),(594,168,'2022-03-04 17:43:56',1,'browse'),(595,169,'2022-03-04 17:43:57',1,'browse'),(596,167,'2022-03-04 17:43:59',1,'browse'),(597,166,'2022-03-04 17:44:01',1,'browse'),(598,175,'2022-03-04 17:52:47',1,'browse'),(599,174,'2022-03-04 17:53:02',1,'browse'),(600,173,'2022-03-04 17:53:09',1,'browse'),(601,172,'2022-03-04 17:53:17',1,'browse'),(602,171,'2022-03-04 17:53:24',1,'browse'),(603,175,'2022-03-07 09:45:03',1,'browse'),(604,175,'2022-03-07 09:56:38',1,'browse'),(605,175,'2022-03-07 09:57:55',1,'browse'),(606,175,'2022-03-07 10:11:07',1,'browse'),(607,175,'2022-03-07 10:37:19',1,'browse'),(608,177,'2022-03-07 11:19:17',1,'browse'),(609,177,'2022-03-07 11:20:11',1,'browse'),(610,177,'2022-03-07 11:22:07',1,'browse'),(611,177,'2022-03-07 11:32:14',1,'browse'),(612,177,'2022-03-07 11:32:18',1,'browse'),(613,177,'2022-03-07 11:33:24',1,'browse'),(614,175,'2022-03-07 11:33:39',1,'browse'),(615,177,'2022-03-07 11:33:40',1,'browse'),(616,178,'2022-03-07 11:34:07',1,'browse'),(617,178,'2022-03-07 11:34:21',1,'takeout'),(618,177,'2022-03-07 11:38:01',1,'browse'),(619,178,'2022-03-07 11:38:25',1,'browse'),(620,178,'2022-03-07 13:24:20',1,'browse'),(621,177,'2022-03-07 13:24:28',1,'browse'),(622,178,'2022-03-07 13:24:44',1,'browse'),(623,179,'2022-03-07 13:25:07',1,'browse'),(624,179,'2022-03-07 13:25:15',1,'browse'),(625,179,'2022-03-07 13:26:30',1,'browse'),(626,178,'2022-03-07 13:26:36',1,'browse'),(627,179,'2022-03-07 13:26:38',1,'browse'),(628,180,'2022-03-07 13:28:04',1,'browse'),(629,182,'2022-03-07 13:44:34',1,'browse'),(630,182,'2022-03-07 16:05:09',1,'browse'),(631,181,'2022-03-07 16:05:11',1,'browse'),(632,180,'2022-03-07 16:05:13',1,'browse'),(633,179,'2022-03-07 16:05:16',1,'browse'),(634,178,'2022-03-07 16:05:18',1,'browse'),(635,177,'2022-03-07 16:05:19',1,'browse'),(636,182,'2022-03-07 16:10:58',1,'browse'),(637,182,'2022-03-07 16:11:41',1,'browse'),(638,185,'2022-03-07 16:19:10',1,'browse'),(639,185,'2022-03-07 16:20:16',1,'browse'),(640,186,'2022-03-07 16:22:34',1,'browse'),(641,186,'2022-03-07 16:23:22',1,'browse'),(642,187,'2022-03-07 16:27:35',1,'browse'),(643,186,'2022-03-07 16:28:34',1,'browse'),(644,188,'2022-03-07 16:36:13',1,'takeout');
/*!40000 ALTER TABLE `history` ENABLE KEYS */;
UNLOCK TABLES;

--
-- Table structure for table `record_access`
--

DROP TABLE IF EXISTS `record_access`;
/*!40101 SET @saved_cs_client     = @@character_set_client */;
/*!40101 SET character_set_client = utf8 */;
CREATE TABLE `record_access` (
  `id` int(11) NOT NULL AUTO_INCREMENT,
  `user_id` int(11) NOT NULL,
  `record_id` int(11) NOT NULL,
  `status` varchar(100) DEFAULT NULL,
  `reason` varchar(255) DEFAULT NULL,
  `created_at` varchar(100) DEFAULT NULL,
  `updated_at` varchar(100) DEFAULT NULL,
  PRIMARY KEY (`id`),
  KEY `record_access_FK` (`user_id`) USING BTREE,
  KEY `record_access_FK_1` (`record_id`) USING BTREE
) ENGINE=InnoDB AUTO_INCREMENT=134 DEFAULT CHARSET=utf8mb4;
/*!40101 SET character_set_client = @saved_cs_client */;

--
-- Dumping data for table `record_access`
--

LOCK TABLES `record_access` WRITE;
/*!40000 ALTER TABLE `record_access` DISABLE KEYS */;
INSERT INTO `record_access` VALUES (14,1,37,NULL,'test','2022-02-14 10:01:35','2022-02-14 01:08:46'),(15,1,38,NULL,'null','2022-02-16 17:28:35','2022-02-16 08:28:53'),(16,1,40,NULL,'null','2022-02-17 11:07:42','2022-02-17 02:07:58'),(17,1,50,NULL,'null','2022-02-18 11:58:23','2022-02-18 02:59:40'),(18,1,47,NULL,'null','2022-02-18 12:01:41','2022-02-18 03:01:50'),(19,1,53,NULL,'null','2022-02-18 12:52:40','2022-02-18 03:52:48'),(20,1,54,NULL,'null','2022-02-18 13:39:54','2022-02-18 04:40:59'),(21,1,56,NULL,'null','2022-02-18 14:18:37','2022-02-18 05:18:47'),(22,1,55,NULL,'null','2022-02-18 14:27:07','2022-02-18 05:28:09'),(23,1,58,NULL,'null','2022-02-18 16:33:23','2022-02-18 07:34:31'),(24,1,57,NULL,'null','2022-02-18 16:33:25','2022-02-18 07:34:27'),(25,1,51,NULL,'null','2022-02-18 18:01:02','2022-02-18 09:01:16'),(26,1,59,NULL,'null','2022-02-21 09:46:57','2022-02-21 00:48:06'),(27,1,66,NULL,'null','2022-02-21 13:52:53','2022-02-21 04:54:02'),(28,1,69,NULL,'null','2022-02-21 13:53:59','2022-02-21 04:55:06'),(29,1,70,NULL,'null','2022-02-21 14:55:49','2022-02-21 05:56:59'),(30,1,71,NULL,'null','2022-02-21 15:25:47','2022-02-21 06:26:58'),(31,1,68,'denied','null','2022-02-21 15:59:07','2022-02-21 07:00:25'),(32,1,68,NULL,'null','2022-02-21 15:59:39','2022-02-21 07:01:02'),(33,1,68,'denied','null','2022-02-21 16:00:38','2022-02-21 07:01:46'),(34,1,72,NULL,'null','2022-02-22 08:58:29','2022-02-21 23:59:49'),(35,1,75,NULL,'null','2022-02-22 08:58:34','2022-02-21 23:59:54'),(36,1,78,NULL,'null','2022-02-22 10:27:16','2022-02-22 01:28:26'),(37,1,77,NULL,'test','2022-02-22 10:37:49','2022-02-22 01:37:57'),(38,1,79,NULL,'null','2022-02-22 10:45:35','2022-02-22 01:46:43'),(39,1,80,NULL,'ㅅㄷㄴㅅ','2022-02-22 10:58:56','2022-02-22 01:59:07'),(40,1,81,NULL,'ㅅㄷㄴㅅ','2022-02-22 11:00:46','2022-02-22 02:00:52'),(41,1,82,NULL,'null','2022-02-22 11:04:06','2022-02-22 02:05:16'),(42,1,85,NULL,'null','2022-02-22 11:34:27','2022-02-22 02:35:38'),(43,1,90,NULL,'null','2022-02-22 11:51:47','2022-02-22 02:52:56'),(44,1,86,NULL,'null','2022-02-22 15:00:52','2022-02-22 06:02:10'),(45,1,91,NULL,'null','2022-02-22 15:01:00','2022-02-22 06:02:14'),(46,1,92,NULL,'null','2022-02-23 09:06:19','2022-02-23 00:06:31'),(47,1,93,NULL,'null','2022-02-23 09:06:22','2022-02-23 00:06:36'),(48,1,94,NULL,'null','2022-02-23 10:31:03','2022-02-23 01:44:41'),(49,1,95,NULL,'null','2022-02-23 10:31:07','2022-02-23 02:46:31'),(50,1,95,'denied','null','2022-02-23 10:31:07','2022-02-23 02:46:51'),(51,1,96,NULL,'null','2022-02-23 13:40:22','2022-02-23 04:40:39'),(52,1,97,NULL,'null','2022-02-23 13:40:24','2022-02-23 04:40:42'),(53,1,100,NULL,'test','2022-02-23 16:22:02','2022-02-23 07:22:22'),(54,1,98,NULL,'null','2022-02-24 09:03:56','2022-02-24 00:04:14'),(55,1,99,NULL,'null','2022-02-24 09:03:58','2022-02-24 00:04:19'),(56,1,101,NULL,'null','2022-02-25 13:39:43','2022-02-25 04:39:59'),(57,1,102,NULL,'null','2022-02-25 13:39:45','2022-02-25 04:40:03'),(58,1,103,NULL,'null','2022-02-28 09:17:01','2022-02-28 00:17:25'),(59,1,104,NULL,'null','2022-02-28 09:17:04','2022-02-28 00:17:28'),(60,1,105,'permitted','null','2022-02-28 13:27:33','2022-02-28 13:27:55'),(61,1,106,'permitted','null','2022-02-28 13:27:35','2022-02-28 13:27:58'),(62,1,108,'permitted','null','2022-02-28 14:29:23','2022-02-28 14:29:48'),(63,1,109,'permitted','null','2022-02-28 14:29:29','2022-02-28 14:29:51'),(64,1,113,'permitted','null','2022-02-28 15:17:31','2022-02-28 15:17:48'),(65,1,114,'permitted','사슴','2022-02-28 15:35:31','2022-02-28 15:35:48'),(66,1,115,'permitted','null','2022-02-28 16:18:30','2022-02-28 16:18:42'),(67,1,117,'permitted','null','2022-03-02 11:13:24','2022-03-02 11:13:35'),(68,1,118,'permitted','null','2022-03-02 11:30:40','2022-03-02 11:30:55'),(69,1,119,'permitted','null','2022-03-02 11:30:43','2022-03-02 11:30:59'),(70,1,120,'permitted','null','2022-03-02 12:56:45','2022-03-02 12:57:00'),(71,1,121,'permitted','null','2022-03-02 12:56:47','2022-03-02 12:57:05'),(72,1,122,'permitted','null','2022-03-02 13:25:01','2022-03-02 13:25:19'),(73,1,123,'permitted','null','2022-03-02 13:25:03','2022-03-02 13:25:22'),(74,1,124,'denied','null','2022-03-02 13:47:16','2022-03-02 13:47:34'),(75,1,125,'denied','null','2022-03-02 13:47:18','2022-03-02 13:47:38'),(76,1,124,'permitted','null','2022-03-02 13:47:39','2022-03-02 13:47:57'),(77,1,125,'permitted','null','2022-03-02 13:47:42','2022-03-02 13:48:00'),(78,1,124,'permitted','null','2022-03-02 13:48:13','2022-03-02 13:48:37'),(79,1,125,'permitted','null','2022-03-02 13:48:16','2022-03-02 13:48:32'),(80,1,126,'permitted','null','2022-03-02 14:26:32','2022-03-02 14:26:47'),(81,1,127,'permitted','null','2022-03-02 14:26:35','2022-03-02 14:26:50'),(82,1,128,'permitted','null','2022-03-02 16:27:24','2022-03-02 16:27:49'),(83,1,129,'permitted','null','2022-03-02 16:27:26','2022-03-02 16:27:53'),(84,1,130,'permitted','null','2022-03-02 16:27:28','2022-03-02 16:27:56'),(85,1,131,'permitted','null','2022-03-02 16:27:30','2022-03-02 16:28:02'),(86,1,132,'permitted','null','2022-03-02 16:27:31','2022-03-02 16:28:06'),(87,1,133,'permitted','null','2022-03-02 16:39:38','2022-03-02 16:39:56'),(88,1,134,'permitted','null','2022-03-03 09:32:40','2022-03-03 09:32:56'),(89,1,135,'permitted','null','2022-03-03 10:13:51','2022-03-03 10:14:17'),(90,1,136,'permitted','null','2022-03-03 10:21:16','2022-03-03 10:21:31'),(91,1,137,'permitted','null','2022-03-03 10:35:00','2022-03-03 10:35:20'),(92,1,142,'permitted','null','2022-03-04 16:16:43','2022-03-04 16:17:30'),(93,1,141,'denied','null','2022-03-04 16:16:46','2022-03-04 16:17:26'),(94,1,140,'permitted','null','2022-03-04 16:16:49','2022-03-04 16:17:22'),(95,1,139,'denied','null','2022-03-04 16:16:52','2022-03-04 16:17:19'),(96,1,138,'permitted','null','2022-03-04 16:16:57','2022-03-04 16:17:15'),(97,1,141,'permitted','null','2022-03-04 16:17:33','2022-03-04 16:17:51'),(98,1,151,'permitted','null','2022-03-04 17:04:24','2022-03-04 17:04:32'),(99,1,152,'permitted','null','2022-03-04 17:09:51','2022-03-04 17:09:57'),(100,1,158,'permitted','null','2022-03-04 17:22:22','2022-03-04 17:23:18'),(101,1,157,'permitted','null','2022-03-04 17:22:24','2022-03-04 17:23:12'),(102,1,156,'permitted','null','2022-03-04 17:22:26','2022-03-04 17:23:09'),(103,1,155,'permitted','null','2022-03-04 17:22:28','2022-03-04 17:23:05'),(104,1,154,'permitted','null','2022-03-04 17:22:34','2022-03-04 17:23:01'),(105,1,153,'permitted','null','2022-03-04 17:22:37','2022-03-04 17:22:57'),(106,1,159,'permitted','null','2022-03-04 17:29:11','2022-03-04 17:29:19'),(107,1,160,'permitted','null','2022-03-04 17:33:23','2022-03-04 17:33:39'),(108,1,165,'permitted','null','2022-03-04 17:37:10','2022-03-04 17:37:17'),(109,1,166,'permitted','null','2022-03-04 17:43:23','2022-03-04 17:43:39'),(110,1,167,'permitted','null','2022-03-04 17:43:25','2022-03-04 17:43:44'),(111,1,168,'permitted','null','2022-03-04 17:43:27','2022-03-04 17:43:46'),(112,1,169,'permitted','null','2022-03-04 17:43:29','2022-03-04 17:43:50'),(113,1,170,'permitted','null','2022-03-04 17:43:31','2022-03-04 17:43:52'),(114,1,175,'permitted','null','2022-03-04 17:51:56','2022-03-04 17:52:48'),(115,1,174,'permitted','null','2022-03-04 17:51:59','2022-03-04 17:52:41'),(116,1,173,'permitted','null','2022-03-04 17:52:01','2022-03-04 17:52:38'),(117,1,172,'permitted','null','2022-03-04 17:52:10','2022-03-04 17:52:34'),(118,1,171,'permitted','null','2022-03-04 17:52:15','2022-03-04 17:52:31'),(119,1,177,'permitted','null','2022-03-07 11:18:54','2022-03-07 11:19:15'),(120,1,178,'permitted','null','2022-03-07 11:33:55','2022-03-07 11:34:04'),(121,1,176,'standby','null','2022-03-07 11:38:49',NULL),(122,1,179,'permitted','null','2022-03-07 13:24:58','2022-03-07 13:25:05'),(123,1,180,'permitted','null','2022-03-07 13:27:50','2022-03-07 13:28:02'),(124,1,182,'permitted','null','2022-03-07 13:44:17','2022-03-07 13:44:46'),(125,1,181,'permitted','null','2022-03-07 13:44:20','2022-03-07 13:44:42'),(126,1,183,'stantbyNVR','null','2022-03-07 16:03:19','2022-03-07 16:04:55'),(127,1,184,'denied','null','2022-03-07 16:06:59','2022-03-07 16:09:46'),(128,1,184,'permitted','null','2022-03-07 16:09:50','2022-03-07 16:10:27'),(129,1,184,'permitted','null','2022-03-07 16:10:33','2022-03-07 16:10:46'),(130,1,184,'permitted','null','2022-03-07 16:18:32','2022-03-07 16:18:40'),(131,1,185,'permitted','null','2022-03-07 16:18:57','2022-03-07 16:19:04'),(132,1,186,'permitted','null','2022-03-07 16:22:24','2022-03-07 16:22:31'),(133,1,187,'permitted','null','2022-03-07 16:27:20','2022-03-07 16:27:31');
/*!40000 ALTER TABLE `record_access` ENABLE KEYS */;
UNLOCK TABLES;

--
-- Table structure for table `records`
--

DROP TABLE IF EXISTS `records`;
/*!40101 SET @saved_cs_client     = @@character_set_client */;
/*!40101 SET character_set_client = utf8 */;
CREATE TABLE `records` (
  `id` int(11) NOT NULL AUTO_INCREMENT,
  `surgery_id` int(11) DEFAULT NULL,
  `sergery_name` varchar(100) NOT NULL,
  `department` varchar(100) NOT NULL,
  `doctor` varchar(100) NOT NULL,
  `surgery_desc` varchar(100) NOT NULL,
  `patient_status` varchar(100) NOT NULL,
  `video_link` varchar(255) NOT NULL,
  `date` varchar(100) NOT NULL,
  `patient_name` varchar(100) NOT NULL,
  `expiration` tinyint(1) NOT NULL DEFAULT 0,
  `devices` varchar(100) DEFAULT NULL,
  `takeout_link` varchar(255) DEFAULT NULL,
  `split` tinyint(1) DEFAULT 0,
  `end_date` varchar(100) DEFAULT NULL,
  PRIMARY KEY (`id`),
  KEY `records_FK` (`surgery_id`),
  CONSTRAINT `records_FK` FOREIGN KEY (`surgery_id`) REFERENCES `surgery` (`surgery_id`)
) ENGINE=InnoDB AUTO_INCREMENT=190 DEFAULT CHARSET=utf8mb4;
/*!40101 SET character_set_client = @saved_cs_client */;

--
-- Dumping data for table `records`
--

LOCK TABLES `records` WRITE;
/*!40000 ALTER TABLE `records` DISABLE KEYS */;
INSERT INTO `records` VALUES (36,1,'수술실 #1','임시 정보','임시 정보','임시 정보','수술 완료','20220120144822803','2022-01-20 14:48:22','임시 정보',1,'1,2,3,4',NULL,0,'2022-03-07 16:33:23'),(37,1,'수술실 #1','임시 정보','임시 정보','임시 정보','수술 완료','20220121112437272','2022-01-21 11:24:37','임시 정보',1,'1,2,3,4',NULL,0,'2022-03-07 16:33:23'),(38,1,'수술실 #1','임시 정보','임시 정보','임시 정보','수술 완료','20220216171821978','2022-02-16 17:18:21','임시 정보',0,'1,2,3,4',NULL,0,'2022-03-07 16:33:23'),(39,1,'수술실 #1','임시 정보','임시 정보','임시 정보','수술 완료','20220216172336597','2022-02-16 17:23:36','임시 정보',0,'1,2,3,4',NULL,0,'2022-03-07 16:33:23'),(40,1,'수술실 #1','임시 정보','임시 정보','임시 정보','수술 완료','20220216175648281','2022-02-16 17:56:48','임시 정보',0,'1,2,3,4',NULL,0,'2022-03-07 16:33:23'),(41,1,'수술실 #1','임시 정보','임시 정보','임시 정보','수술 완료','20220218103448108','2022-02-18 10:34:48','임시 정보',0,'1,2,3,4',NULL,0,'2022-03-07 16:33:23'),(42,1,'수술실 #1','임시 정보','임시 정보','임시 정보','수술 완료','20220218105321158','2022-02-18 10:53:21','임시 정보',0,'3,4,1,2',NULL,0,'2022-03-07 16:33:23'),(43,1,'수술실 #1','임시 정보','임시 정보','임시 정보','수술 완료','20220218105747307','2022-02-18 10:57:47','임시 정보',0,'3,4,1,2',NULL,0,'2022-03-07 16:33:23'),(44,1,'수술실 #1','임시 정보','임시 정보','임시 정보','수술 완료','20220218105922443','2022-02-18 10:59:22','임시 정보',0,'1,2,3,4',NULL,0,'2022-03-07 16:33:23'),(45,1,'수술실 #1','임시 정보','임시 정보','임시 정보','수술 완료','20220218110610685','2022-02-18 11:06:10','임시 정보',0,'1,2,3,4',NULL,0,'2022-03-07 16:33:23'),(46,2,'수술실 #2','임시 정보','임시 정보','임시 정보','수술 완료','20220218110701491','2022-02-18 11:07:01','임시 정보',0,'8,5,6,7',NULL,0,'2022-03-07 16:27:14'),(47,3,'수술실 #3','임시 정보','임시 정보','임시 정보','수술 완료','20220218113742628','2022-02-18 11:37:42','임시 정보',0,'9,10,11,12',NULL,0,'2022-03-07 16:03:06'),(48,1,'수술실 #1','임시 정보','임시 정보','임시 정보','수술 완료','20220218114231761','2022-02-18 11:42:31','임시 정보',0,'1,2,3,4',NULL,0,'2022-03-07 16:33:23'),(49,2,'수술실 #2','임시 정보','임시 정보','임시 정보','수술 완료','20220218114346789','2022-02-18 11:43:46','임시 정보',0,'5,6,7,8',NULL,0,'2022-03-07 16:27:14'),(50,3,'수술실 #3','임시 정보','임시 정보','임시 정보','수술 완료','20220218114418834','2022-02-18 11:44:18','임시 정보',0,'10,11,12,9',NULL,0,'2022-03-07 16:03:06'),(51,1,'수술실 #1','임시 정보','임시 정보','임시 정보','수술 완료','20220218121439865','2022-02-18 12:14:39','임시 정보',0,'1,2,3,4',NULL,0,'2022-03-07 16:33:23'),(52,2,'수술실 #2','임시 정보','임시 정보','임시 정보','수술 완료','20220218121442305','2022-02-18 12:14:42','임시 정보',0,'5,6,7,8',NULL,0,'2022-03-07 16:27:14'),(53,3,'수술실 #3','임시 정보','임시 정보','임시 정보','수술 완료','20220218121444959','2022-02-18 12:14:44','임시 정보',0,'10,11,12,9',NULL,0,'2022-03-07 16:03:06'),(54,3,'수술실 #3','임시 정보','임시 정보','임시 정보','수술 완료','20220218130857352','2022-02-18 13:08:57','임시 정보',0,'10,11,12,9',NULL,0,'2022-03-07 16:03:06'),(55,3,'수술실 #3','임시 정보','임시 정보','임시 정보','수술 완료','20220218141213765','2022-02-18 14:12:13','임시 정보',0,'10,11,12,9',NULL,0,'2022-03-07 16:03:06'),(56,4,'수술실 #4','임시 정보','임시 정보','임시 정보','수술 완료','20220218141718686','2022-02-18 14:17:18','임시 정보',0,'16,13,14,15',NULL,0,'2022-03-04 17:51:53'),(57,4,'수술실 #4','임시 정보','임시 정보','임시 정보','수술 완료','20220218142629891','2022-02-18 14:26:29','임시 정보',0,'14,15,16,13',NULL,0,'2022-03-04 17:51:53'),(58,3,'수술실 #3','임시 정보','임시 정보','임시 정보','수술 완료','20220218142932678','2022-02-18 14:29:32','임시 정보',0,'10,11,12,9',NULL,0,'2022-03-07 16:03:06'),(59,3,'수술실 #3','임시 정보','임시 정보','임시 정보','수술 완료','20220218165342255','2022-02-18 16:53:42','임시 정보',0,'9,10,11,12',NULL,0,'2022-03-07 16:03:06'),(60,4,'수술실 #4','임시 정보','임시 정보','임시 정보','수술 완료','20220218165349507','2022-02-18 16:53:49','임시 정보',0,'15,16,13,14',NULL,0,'2022-03-04 17:51:53'),(61,3,'수술실 #3','임시 정보','임시 정보','임시 정보','수술 완료','20220221095015057','2022-02-21 09:50:15','임시 정보',0,'9,10,11,12',NULL,0,'2022-03-07 16:03:06'),(62,3,'수술실 #3','임시 정보','임시 정보','임시 정보','수술 완료','20220221104826803','2022-02-21 10:48:26','임시 정보',0,'9,10,11,12',NULL,0,'2022-03-07 16:03:06'),(63,3,'수술실 #3','임시 정보','임시 정보','임시 정보','수술 완료','20220221105222388','2022-02-21 10:52:22','임시 정보',0,'12,9,10,11',NULL,0,'2022-03-07 16:03:06'),(64,3,'수술실 #3','임시 정보','임시 정보','임시 정보','수술 완료','20220221105238780','2022-02-21 10:52:38','임시 정보',0,'12,9,10,11',NULL,0,'2022-03-07 16:03:06'),(65,4,'수술실 #4','임시 정보','임시 정보','임시 정보','수술 완료','20220221135236685','2022-02-21 13:52:36','임시 정보',0,'16,13,14,15',NULL,0,'2022-03-04 17:51:53'),(66,4,'수술실 #4','임시 정보','임시 정보','임시 정보','수술 완료','20220221135238060','2022-02-21 13:52:38','임시 정보',0,'16,13,14,15',NULL,0,'2022-03-04 17:51:53'),(67,4,'수술실 #4','임시 정보','임시 정보','임시 정보','수술 완료','20220221135238579','2022-02-21 13:52:38','임시 정보',0,'16,13,14,15',NULL,0,'2022-03-04 17:51:53'),(68,4,'수술실 #4','임시 정보','임시 정보','임시 정보','수술 완료','20220221135239104','2022-02-21 13:52:39','임시 정보',0,'16,13,14,15',NULL,0,'2022-03-04 17:51:53'),(69,4,'수술실 #4','임시 정보','임시 정보','임시 정보','수술 완료','20220221135239750','2022-02-21 13:52:39','임시 정보',0,'16,13,14,15',NULL,0,'2022-03-04 17:51:53'),(70,4,'수술실 #4','임시 정보','임시 정보','임시 정보','수술 완료','20220221135353249','2022-02-21 13:53:53','임시 정보',0,'16,13,14,15',NULL,0,'2022-03-04 17:51:53'),(71,4,'수술실 #4','임시 정보','임시 정보','임시 정보','수술 완료','20220221152331624','2022-02-21 15:23:31','임시 정보',0,'14,15,16,13',NULL,0,'2022-03-04 17:51:53'),(72,3,'수술실 #3','임시 정보','임시 정보','임시 정보','수술 완료','20220221155040991','2022-02-21 15:50:41','임시 정보',0,'9,10,11,12',NULL,0,'2022-03-07 16:03:06'),(73,4,'수술실 #4','임시 정보','임시 정보','임시 정보','수술 완료','20220221174949037','2022-02-21 17:49:49','임시 정보',0,'13,14,15,16',NULL,0,'2022-03-04 17:51:53'),(74,4,'수술실 #4','임시 정보','임시 정보','임시 정보','수술 완료','20220221174955862','2022-02-21 17:49:55','임시 정보',0,'13,14,15,16',NULL,0,'2022-03-04 17:51:53'),(75,4,'수술실 #4','임시 정보','임시 정보','임시 정보','수술 완료','20220221175035787','2022-02-21 17:50:35','임시 정보',0,'13,14,15,16',NULL,0,'2022-03-04 17:51:53'),(76,3,'수술실 #3','임시 정보','임시 정보','임시 정보','수술 완료','20220222095134818','2022-02-22 09:51:34','임시 정보',0,'9,10,11,12',NULL,0,'2022-03-07 16:03:06'),(77,3,'수술실 #3','임시 정보','임시 정보','임시 정보','수술 완료','20220222095135931','2022-02-22 09:51:35','임시 정보',0,'9,10,11,12',NULL,0,'2022-03-07 16:03:06'),(78,3,'수술실 #3','임시 정보','임시 정보','임시 정보','수술 완료','20220222095136943','2022-02-22 09:51:36','임시 정보',0,'9,10,11,12',NULL,0,'2022-03-07 16:03:06'),(79,3,'수술실 #3','임시 정보','임시 정보','임시 정보','수술 완료','20220222104408552','2022-02-22 10:44:08','임시 정보',0,'9,10,11,12',NULL,0,'2022-03-07 16:03:06'),(80,3,'수술실 #3','임시 정보','임시 정보','임시 정보','수술 완료','20220222105830102','2022-02-22 10:58:30','임시 정보',0,'9,10,11,12',NULL,0,'2022-03-07 16:03:06'),(81,3,'수술실 #3','임시 정보','임시 정보','임시 정보','수술 완료','20220222105937336','2022-02-22 10:59:37','임시 정보',0,'10,11,12,9',NULL,0,'2022-03-07 16:03:06'),(82,3,'수술실 #3','임시 정보','임시 정보','임시 정보','수술 완료','20220222110036459','2022-02-22 11:00:36','임시 정보',0,'9,10,11,12',NULL,0,'2022-03-07 16:03:06'),(83,3,'수술실 #3','임시 정보','임시 정보','임시 정보','수술 완료','20220222110726390','2022-02-22 11:07:26','임시 정보',0,'10,11,12,9',NULL,0,'2022-03-07 16:03:06'),(84,1,'수술실 #1','임시 정보','임시 정보','임시 정보','수술 완료','20220222112438624','2022-02-22 11:24:38','임시 정보',0,'4,1,2,3',NULL,0,'2022-03-07 16:33:23'),(85,3,'수술실 #3','임시 정보','임시 정보','임시 정보','수술 완료','20220222112915255','2022-02-22 11:29:15','임시 정보',0,'9,10,11,12',NULL,0,'2022-03-07 16:03:06'),(86,4,'수술실 #4','임시 정보','임시 정보','임시 정보','수술 완료','20220222113357708','2022-02-22 11:33:57','임시 정보',0,'14,15,16,13',NULL,0,'2022-03-04 17:51:53'),(87,3,'수술실 #3','임시 정보','임시 정보','임시 정보','수술 완료','20220222113519538','2022-02-22 11:35:19','임시 정보',0,'10,11,12,9',NULL,0,'2022-03-07 16:03:06'),(88,3,'수술실 #3','임시 정보','임시 정보','임시 정보','수술 완료','20220222113520446','2022-02-22 11:35:20','임시 정보',0,'10,11,12,9',NULL,0,'2022-03-07 16:03:06'),(89,3,'수술실 #3','임시 정보','임시 정보','임시 정보','수술 완료','20220222113521286','2022-02-22 11:35:21','임시 정보',0,'10,11,12,9',NULL,0,'2022-03-07 16:03:06'),(90,3,'수술실 #3','임시 정보','임시 정보','임시 정보','수술 완료','20220222113522187','2022-02-22 11:35:22','임시 정보',0,'10,11,12,9',NULL,0,'2022-03-07 16:03:06'),(91,3,'수술실 #3','임시 정보','임시 정보','임시 정보','수술 완료','20220222115321440','2022-02-22 11:53:21','임시 정보',0,'10,11,12,9',NULL,0,'2022-03-07 16:03:06'),(92,3,'수술실 #3','임시 정보','임시 정보','임시 정보','수술 완료','20220222151435232','2022-02-22 15:14:35','임시 정보',0,'10,11,12,9',NULL,0,'2022-03-07 16:03:06'),(93,4,'수술실 #4','임시 정보','임시 정보','임시 정보','수술 완료','20220222151446752','2022-02-22 15:14:46','임시 정보',0,'15,16,13,14',NULL,0,'2022-03-04 17:51:53'),(94,3,'수술실 #3','임시 정보','임시 정보','임시 정보','수술 완료','20220223101249555','2022-02-23 10:12:49','임시 정보',0,'12,9,10,11',NULL,0,'2022-03-07 16:03:06'),(95,4,'수술실 #4','임시 정보','임시 정보','임시 정보','수술 완료','20220223101256655','2022-02-23 10:12:56','임시 정보',0,'13,14,15,16',NULL,0,'2022-03-04 17:51:53'),(96,4,'수술실 #4','임시 정보','임시 정보','임시 정보','수술 완료','20220223123619731','2022-02-23 12:36:19','임시 정보',0,'13,14,15,16',NULL,0,'2022-03-04 17:51:53'),(97,3,'수술실 #3','임시 정보','임시 정보','임시 정보','수술 완료','20220223123627249','2022-02-23 12:36:27','임시 정보',0,'9,10,11,12',NULL,0,'2022-03-07 16:03:06'),(98,4,'수술실 #4','임시 정보','임시 정보','임시 정보','수술 완료','20220223140009517','2022-02-23 14:00:09','임시 정보',0,'15,16,13,14',NULL,0,'2022-03-04 17:51:53'),(99,3,'수술실 #3','임시 정보','임시 정보','임시 정보','수술 완료','20220223140012261','2022-02-23 14:00:12','임시 정보',0,'10,11,12,9',NULL,0,'2022-03-07 16:03:06'),(100,1,'수술실 #1','임시 정보','임시 정보','임시 정보','수술 완료','20220223162045698','2022-02-23 16:20:45','임시 정보',0,'2,3,4,1',NULL,0,'2022-03-07 16:33:23'),(101,3,'수술실 #3','임시 정보','임시 정보','임시 정보','수술 완료','20220224141115853','2022-02-24 14:11:15','임시 정보',0,'10,11,12,9',NULL,0,'2022-03-07 16:03:06'),(102,4,'수술실 #4','임시 정보','임시 정보','임시 정보','수술 완료','20220224141117274','2022-02-24 14:11:17','임시 정보',0,'15,16,13,14',NULL,0,'2022-03-04 17:51:53'),(103,3,'수술실 #3','임시 정보','임시 정보','임시 정보','수술 완료','20220225133325889','2022-02-25 13:33:25','임시 정보',0,'10,11,12,9',NULL,0,'2022-03-07 16:03:06'),(104,4,'수술실 #4','임시 정보','임시 정보','임시 정보','수술 완료','20220225133331243','2022-02-25 13:33:31','임시 정보',0,'16,13,14,15',NULL,0,'2022-03-04 17:51:53'),(105,3,'수술실 #3','임시 정보','임시 정보','임시 정보','수술 완료','20220228093504501','2022-02-28 09:35:04','임시 정보',0,'9,10,11,12',NULL,0,'2022-03-07 16:03:06'),(106,4,'수술실 #4','임시 정보','임시 정보','임시 정보','수술 완료','20220228093509446','2022-02-28 09:35:09','임시 정보',0,'13,14,15,16',NULL,0,'2022-03-04 17:51:53'),(107,1,'수술실 #1','임시 정보','임시 정보','임시 정보','수술 완료','20220228115538841','2022-02-28 11:55:38','임시 정보',0,'1,2,3,4',NULL,0,'2022-03-07 16:33:23'),(108,3,'수술실 #3','임시 정보','임시 정보','임시 정보','수술 완료','20220228132128145','2022-02-28 13:21:28','임시 정보',0,'10,11,12,9',NULL,0,'2022-03-07 16:03:06'),(109,4,'수술실 #4','임시 정보','임시 정보','임시 정보','수술 완료','20220228132130952','2022-02-28 13:21:30','임시 정보',0,'15,16,13,14',NULL,0,'2022-03-04 17:51:53'),(110,1,'수술실 #1','임시 정보','임시 정보','임시 정보','수술 완료','20220228144254035','2022-02-28 14:42:54','임시 정보',0,'1,2,3,4',NULL,0,'2022-03-07 16:33:23'),(111,1,'수술실 #1','임시 정보','임시 정보','임시 정보','수술 완료','20220228145332920','2022-02-28 14:53:32','임시 정보',0,'1,2,3,4',NULL,0,'2022-03-07 16:33:23'),(112,1,'수술실 #1','임시 정보','임시 정보','임시 정보','수술 완료','20220228150006585','2022-02-28 15:00:06','임시 정보',0,'1,2,3,4',NULL,0,'2022-03-07 16:33:23'),(113,2,'수술실 #2','임시 정보','임시 정보','임시 정보','수술 완료','20220228151532604','2022-02-28 15:15:32','임시 정보',0,'7,8,5,6',NULL,0,'2022-03-07 16:27:14'),(114,1,'수술실 #1','임시 정보','임시 정보','임시 정보','수술 완료','20220228152938022','2022-02-28 15:29:38','임시 정보',0,'2,3,4,1',NULL,0,'2022-03-07 16:33:23'),(115,1,'수술실 #1','임시 정보','임시 정보','임시 정보','수술 완료','20220228153959260','2022-02-28 15:39:59','임시 정보',0,'2,3,4,1',NULL,0,'2022-03-07 16:33:23'),(116,1,'수술실 #1','임시 정보','임시 정보','임시 정보','수술 완료','20220228184815398','2022-02-28 18:48:15','임시 정보',0,'1,2,3,4',NULL,0,'2022-03-07 16:33:23'),(117,1,'수술실 #1','임시 정보','임시 정보','임시 정보','수술 완료','20220302110754030','2022-03-02 11:07:54','임시 정보',0,'1,2,3,4',NULL,0,'2022-03-07 16:33:23'),(118,3,'수술실 #3','임시 정보','임시 정보','임시 정보','수술 완료','20220302111945219','2022-03-02 11:19:45','임시 정보',0,'9,10,11,12',NULL,0,'2022-03-07 16:03:06'),(119,4,'수술실 #4','임시 정보','임시 정보','임시 정보','수술 완료','20220302112011035','2022-03-02 11:20:11','임시 정보',0,'14,15,16,13',NULL,0,'2022-03-04 17:51:53'),(120,3,'수술실 #3','임시 정보','임시 정보','임시 정보','수술 완료','20220302114016718','2022-03-02 11:40:16','임시 정보',0,'11,12,9,10',NULL,0,'2022-03-07 16:03:06'),(121,4,'수술실 #4','임시 정보','임시 정보','임시 정보','수술 완료','20220302114037416','2022-03-02 11:40:37','임시 정보',0,'13,14,15,16',NULL,0,'2022-03-04 17:51:53'),(122,3,'수술실 #3','임시 정보','임시 정보','임시 정보','수술 완료','20220302131756788','2022-03-02 13:17:56','임시 정보',0,'9,10,11,12',NULL,0,'2022-03-07 16:03:06'),(123,4,'수술실 #4','임시 정보','임시 정보','임시 정보','수술 완료','20220302131800889','2022-03-02 13:18:00','임시 정보',0,'14,15,16,13',NULL,0,'2022-03-04 17:51:53'),(124,3,'수술실 #3','임시 정보','임시 정보','임시 정보','수술 완료','20220302134456726','2022-03-02 13:44:56','임시 정보',0,'12,9,10,11',NULL,0,'2022-03-07 16:03:06'),(125,4,'수술실 #4','임시 정보','임시 정보','임시 정보','수술 완료','20220302134500207','2022-03-02 13:45:00','임시 정보',0,'13,14,15,16',NULL,0,'2022-03-04 17:51:53'),(126,3,'수술실 #3','임시 정보','임시 정보','임시 정보','수술 완료','20220302135256760','2022-03-02 13:52:56','임시 정보',0,'12,9,10,11',NULL,0,'2022-03-07 16:03:06'),(127,4,'수술실 #4','임시 정보','임시 정보','임시 정보','수술 완료','20220302135259936','2022-03-02 13:52:59','임시 정보',0,'13,14,15,16',NULL,0,'2022-03-04 17:51:53'),(128,1,'수술실 #1','임시 정보','임시 정보','임시 정보','수술 완료','20220302155008178','2022-03-02 15:50:08','임시 정보',0,'1,2,3,4',NULL,0,'2022-03-07 16:33:23'),(129,2,'수술실 #2','임시 정보','임시 정보','임시 정보','수술 완료','20220302155010144','2022-03-02 15:50:10','임시 정보',0,'6,7,8,5',NULL,0,'2022-03-07 16:27:14'),(130,3,'수술실 #3','임시 정보','임시 정보','임시 정보','수술 완료','20220302155012229','2022-03-02 15:50:12','임시 정보',0,'12,9,10,11',NULL,0,'2022-03-07 16:03:06'),(131,4,'수술실 #4','임시 정보','임시 정보','임시 정보','수술 완료','20220302155014914','2022-03-02 15:50:14','임시 정보',0,'13,14,15,16',NULL,0,'2022-03-04 17:51:53'),(132,5,'수술실 #5','임시 정보','임시 정보','임시 정보','수술 완료','20220302155016933','2022-03-02 15:50:16','임시 정보',0,'17,18,19,20',NULL,0,'2022-03-04 17:51:57'),(133,4,'수술실 #4','임시 정보','임시 정보','임시 정보','수술 완료','20220302163848483','2022-03-02 16:38:48','임시 정보',0,'15,16,13,14',NULL,0,'2022-03-04 17:51:53'),(134,3,'수술실 #3','임시 정보','임시 정보','임시 정보','수술 완료','20220302172822132','2022-03-02 17:28:22','임시 정보',0,'9,10,11,12',NULL,0,'2022-03-07 16:03:06'),(135,3,'수술실 #3','임시 정보','임시 정보','임시 정보','수술 완료','20220303101333402','2022-03-03 10:13:33','임시 정보',0,'9,10,11,12',NULL,0,'2022-03-07 16:03:06'),(136,3,'수술실 #3','임시 정보','임시 정보','임시 정보','수술 완료','20220303101444208','2022-03-03 10:14:44','임시 정보',0,'9,10,11,12',NULL,0,'2022-03-07 16:03:06'),(137,3,'수술실 #3','임시 정보','임시 정보','임시 정보','수술 완료','20220303101502766','2022-03-03 10:15:02','임시 정보',0,'9,10,11,12',NULL,0,'2022-03-07 16:03:06'),(138,1,'수술실 #1','임시 정보','임시 정보','임시 정보','수술 완료','20220304140754179','2022-03-04 14:07:54','임시 정보',0,'1,2,3,4',NULL,0,'2022-03-07 16:33:23'),(139,2,'수술실 #2','임시 정보','임시 정보','임시 정보','수술 완료','20220304140756921','2022-03-04 14:07:56','임시 정보',0,'5,6,7,8',NULL,0,'2022-03-07 16:27:14'),(140,3,'수술실 #3','임시 정보','임시 정보','임시 정보','수술 완료','20220304140759612','2022-03-04 14:07:59','임시 정보',0,'10,11,12,9',NULL,0,'2022-03-07 16:03:06'),(141,4,'수술실 #4','임시 정보','임시 정보','임시 정보','수술 완료','20220304140802736','2022-03-04 14:08:02','임시 정보',0,'15,16,13,14',NULL,0,'2022-03-04 17:51:53'),(142,5,'수술실 #5','임시 정보','임시 정보','임시 정보','수술 완료','20220304140901280','2022-03-04 14:09:01','임시 정보',0,'17,18,19,20',NULL,0,'2022-03-04 17:51:57'),(143,3,'수술실 #3','임시 정보','임시 정보','임시 정보','수술 완료','20220304165254199','2022-03-04 16:52:54','임시 정보',0,'12,9,10,11',NULL,0,'2022-03-07 16:03:06'),(144,4,'수술실 #4','임시 정보','임시 정보','임시 정보','수술 완료','20220304170014628','2022-03-04 17:00:14','임시 정보',0,'14,15,16,13',NULL,0,'2022-03-04 17:51:53'),(145,4,'수술실 #4','임시 정보','임시 정보','임시 정보','수술 완료','20220304170151553','2022-03-04 17:01:51','임시 정보',0,'14,15,16,13',NULL,0,'2022-03-04 17:51:53'),(146,4,'수술실 #4','임시 정보','임시 정보','임시 정보','수술 완료','20220304170258484','2022-03-04 17:02:58','임시 정보',0,'16,13,14,15',NULL,0,'2022-03-04 17:51:53'),(147,4,'수술실 #4','임시 정보','임시 정보','임시 정보','수술 완료','20220304170333686','2022-03-04 17:03:33','임시 정보',0,'16,13,14,15',NULL,0,'2022-03-04 17:51:53'),(148,4,'수술실 #4','임시 정보','임시 정보','임시 정보','수술 완료','20220304170342406','2022-03-04 17:03:42','임시 정보',0,'16,13,14,15',NULL,0,'2022-03-04 17:51:53'),(149,3,'수술실 #3','임시 정보','임시 정보','임시 정보','수술 완료','20220304170356119','2022-03-04 17:03:56','임시 정보',0,'10,11,12,9',NULL,0,'2022-03-07 16:03:06'),(150,3,'수술실 #3','임시 정보','임시 정보','임시 정보','수술 완료','20220304170357159','2022-03-04 17:03:57','임시 정보',0,'10,11,12,9',NULL,0,'2022-03-07 16:03:06'),(151,1,'수술실 #1','임시 정보','임시 정보','임시 정보','수술 완료','20220304170414032','2022-03-04 17:04:14','임시 정보',0,'3,4,1,2',NULL,0,'2022-03-07 16:33:23'),(152,1,'수술실 #1','임시 정보','임시 정보','임시 정보','수술 완료','20220304170841938','2022-03-04 17:08:41','임시 정보',0,'3,4,1,2',NULL,0,'2022-03-07 16:33:23'),(153,1,'수술실 #1','임시 정보','임시 정보','임시 정보','수술 완료','20220304171600239','2022-03-04 17:16:00','임시 정보',0,'3,4,1,2',NULL,0,'2022-03-07 16:33:23'),(154,2,'수술실 #2','임시 정보','임시 정보','임시 정보','수술 완료','20220304171603547','2022-03-04 17:16:03','임시 정보',0,'5,6,7,8',NULL,0,'2022-03-07 16:27:14'),(155,3,'수술실 #3','임시 정보','임시 정보','임시 정보','수술 완료','20220304171607034','2022-03-04 17:16:07','임시 정보',0,'9,10,11,12',NULL,0,'2022-03-07 16:03:06'),(156,4,'수술실 #4','임시 정보','임시 정보','임시 정보','수술 완료','20220304171610484','2022-03-04 17:16:10','임시 정보',0,'14,15,16,13',NULL,0,'2022-03-04 17:51:53'),(157,5,'수술실 #5','임시 정보','임시 정보','임시 정보','수술 완료','20220304171614258','2022-03-04 17:16:14','임시 정보',0,'19,20,17,18',NULL,0,'2022-03-04 17:51:57'),(158,1,'수술실 #1','임시 정보','임시 정보','임시 정보','수술 완료','20220304172114487','2022-03-04 17:21:14','임시 정보',0,'1,2,3,4',NULL,0,'2022-03-07 16:33:23'),(159,1,'수술실 #1','임시 정보','임시 정보','임시 정보','수술 완료','20220304172823151','2022-03-04 17:28:23','임시 정보',0,'3,4,1,2',NULL,0,'2022-03-07 16:33:23'),(160,1,'수술실 #1','임시 정보','임시 정보','임시 정보','수술 완료','20220304173201585','2022-03-04 17:32:01','임시 정보',0,'3,4,1,2',NULL,0,'2022-03-07 16:33:23'),(161,2,'수술실 #2','임시 정보','임시 정보','임시 정보','수술 완료','20220304173206368','2022-03-04 17:32:06','임시 정보',0,'5,6,7,8',NULL,0,'2022-03-07 16:27:14'),(162,3,'수술실 #3','임시 정보','임시 정보','임시 정보','수술 완료','20220304173213095','2022-03-04 17:32:13','임시 정보',0,'9,10,11,12',NULL,0,'2022-03-07 16:03:06'),(163,4,'수술실 #4','임시 정보','임시 정보','임시 정보','수술 완료','20220304173219482','2022-03-04 17:32:19','임시 정보',0,'14,15,16,13',NULL,0,'2022-03-04 17:51:53'),(164,5,'수술실 #5','임시 정보','임시 정보','임시 정보','수술 완료','20220304173225295','2022-03-04 17:32:25','임시 정보',0,'19,20,17,18',NULL,0,'2022-03-04 17:51:57'),(165,1,'수술실 #1','임시 정보','임시 정보','임시 정보','수술 완료','20220304173643261','2022-03-04 17:36:43','임시 정보',0,'3,4,1,2',NULL,0,'2022-03-07 16:33:23'),(166,1,'수술실 #1','임시 정보','임시 정보','임시 정보','수술 완료','20220304174030158','2022-03-04 17:40:30','임시 정보',0,'3,4,1,2',NULL,0,'2022-03-07 16:33:23'),(167,2,'수술실 #2','임시 정보','임시 정보','임시 정보','수술 완료','20220304174032877','2022-03-04 17:40:32','임시 정보',0,'5,6,7,8',NULL,0,'2022-03-07 16:27:14'),(168,3,'수술실 #3','임시 정보','임시 정보','임시 정보','수술 완료','20220304174035596','2022-03-04 17:40:35','임시 정보',0,'9,10,11,12',NULL,0,'2022-03-07 16:03:06'),(169,4,'수술실 #4','임시 정보','임시 정보','임시 정보','수술 완료','20220304174038512','2022-03-04 17:40:38','임시 정보',0,'14,15,16,13',NULL,0,'2022-03-04 17:51:53'),(170,5,'수술실 #5','임시 정보','임시 정보','임시 정보','수술 완료','20220304174041661','2022-03-04 17:40:41','임시 정보',0,'19,20,17,18',NULL,0,'2022-03-04 17:51:57'),(171,1,'수술실 #1','임시 정보','임시 정보','임시 정보','수술 완료','20220304174719809','2022-03-04 17:47:19','임시 정보',0,'3,4,1,2',NULL,0,'2022-03-07 16:33:23'),(172,2,'수술실 #2','임시 정보','임시 정보','임시 정보','수술 완료','20220304174723595','2022-03-04 17:47:23','임시 정보',0,'5,6,7,8',NULL,0,'2022-03-07 16:27:14'),(173,3,'수술실 #3','임시 정보','임시 정보','임시 정보','수술 완료','20220304174726927','2022-03-04 17:47:26','임시 정보',0,'9,10,11,12',NULL,0,'2022-03-07 16:03:06'),(174,4,'수술실 #4','임시 정보','임시 정보','임시 정보','수술 완료','20220304174730866','2022-03-04 17:47:30','임시 정보',0,'14,15,16,13',NULL,0,'2022-03-04 17:51:53'),(175,5,'수술실 #5','임시 정보','테스트 입니다','임시 정보','수술 완료','20220304174734509','2022-03-04 17:47:34','임시 정보',0,'19,20,17,18',NULL,0,'2022-03-04 17:51:57'),(176,1,'수술실 #1','임시 정보','임시 정보','임시 정보','수술 완료','20220307091844312','2022-03-07 09:18:44','임시 정보',0,'1,2,3,4',NULL,2,'2022-03-07 16:33:23'),(177,1,'수술실 #1','진료과02','의사02','임시 정보','수술 완료','20220307111816976','2022-03-07 11:18:16','조조유윤시식',0,'1,2,3,4',NULL,0,'2022-03-07 16:33:23'),(178,2,'수술실 #2','진료과03','의사03','임시 정보','수술 완료','20220307111843551','2022-03-07 11:18:43','조윤식',0,'5,6,7,8',NULL,0,'2022-03-07 16:27:14'),(179,2,'수술실 #2','진료과01','의사01','임시 정보','수술 완료','20220307113351284','2022-03-07 11:33:51','조윤식식식',0,'5,6,7,8',NULL,2,'2022-03-07 16:27:14'),(180,3,'수술실 #3','진료과04','의사04','임시 정보','수술 완료','20220307132620984','2022-03-07 13:26:20','저연셕',0,'9,10,11,12',NULL,0,'2022-03-07 16:03:06'),(181,1,'수술실 #1','진료과01','의사01','임시 정보','수술 완료','20220307132707545','2022-03-07 13:27:07','항정살',0,'1,2,3,4',NULL,2,'2022-03-07 16:33:23'),(182,2,'수술실 #2','진료과02','의사02','임시 정보','수술 완료','20220307132711342','2022-03-07 13:27:11','방장덕',0,'5,6,7,8',NULL,2,'2022-03-07 16:27:14'),(183,3,'수술실 #3','진료과02','의사02','임시 정보','수술 완료','20220307160032247','2022-03-07 16:00:32','조윤식',0,'9,10,11,12',NULL,0,'2022-03-07 16:03:06'),(184,1,'수술실 #1','진료과01','의사01','임시 정보','수술 완료','20220307160639485','2022-03-07 16:06:39','123',0,'1,2,3,4',NULL,0,'2022-03-07 16:33:23'),(185,7,'수술실 #6','진료과01','의사01','임시 정보','수술 완료','20220307161828115','2022-03-07 16:18:28','qqqqq',0,'21',NULL,0,'2022-03-07 16:22:21'),(186,7,'수술실 #6','진료과02','의사02','임시 정보','수술 완료','20220307162121308','2022-03-07 16:21:21','wwww',0,'21',NULL,0,'2022-03-07 16:22:21'),(187,2,'수술실 #2','진료과01','의사01','임시 정보','수술 완료','20220307162630132','2022-03-07 16:26:30','조윤식',0,'5,6,7,8',NULL,0,'2022-03-07 16:27:14'),(188,1,'수술실 #1','진료과01','의사01','임시 정보','수술 완료','20220307163249407','2022-03-07 16:32:49','홍길동',0,'1,2,3,4',NULL,0,'2022-03-07 16:33:23'),(189,2,'수술실 #2','진료과02','의사02','임시 정보','수술 완료','20220307163428399','2022-03-07 16:34:28','김기명',0,'5,6,7,8',NULL,0,NULL);
/*!40000 ALTER TABLE `records` ENABLE KEYS */;
UNLOCK TABLES;

--
-- Table structure for table `schedule`
--

DROP TABLE IF EXISTS `schedule`;
/*!40101 SET @saved_cs_client     = @@character_set_client */;
/*!40101 SET character_set_client = utf8 */;
CREATE TABLE `schedule` (
  `id` int(11) NOT NULL AUTO_INCREMENT,
  `name` varchar(100) NOT NULL,
  `start` varchar(100) NOT NULL,
  `end` varchar(100) NOT NULL,
  `note` varchar(255) NOT NULL,
  `color` varchar(100) NOT NULL,
  `emergency` tinyint(1) DEFAULT 0,
  `surgery_id` int(11) DEFAULT NULL,
  `is_record` tinyint(1) DEFAULT 0,
  `is_over` tinyint(1) DEFAULT 0,
  `patient` varchar(100) DEFAULT NULL,
  `doctor` int(11) DEFAULT NULL,
  `patient_code` varchar(100) DEFAULT NULL,
  `patient_birthday` varchar(100) DEFAULT NULL,
  PRIMARY KEY (`id`),
  KEY `schedule_FK` (`surgery_id`) USING BTREE,
  KEY `doctor_FK` (`doctor`),
  CONSTRAINT `doctor_FK` FOREIGN KEY (`doctor`) REFERENCES `doctors` (`id`)
) ENGINE=InnoDB AUTO_INCREMENT=240 DEFAULT CHARSET=utf8mb4;
/*!40101 SET character_set_client = @saved_cs_client */;

--
-- Dumping data for table `schedule`
--

LOCK TABLES `schedule` WRITE;
/*!40000 ALTER TABLE `schedule` DISABLE KEYS */;
INSERT INTO `schedule` VALUES (38,'Event #0','2022-01-19 07:00:00','2022-01-19 12:30:00','1','blue',0,1,0,1,'1',4,'1','1'),(45,'Event #1','2022-01-20 10:30:00','2022-01-20 14:30:00','1','blue',0,1,0,1,'1',4,'1','1'),(46,'Event #2','2022-01-16 00:45:00','2022-01-16 07:00:00','1','blue',0,1,0,1,'1번',4,'1번','1'),(53,'장시간 복막염 수술','2022-02-16 15:00','2022-02-16 23:15','undefined','green',0,1,0,1,'오드리',6,'100200','19100203'),(64,'Event #1','2022-02-18 13:30','2022-02-18 18:45','undefined','blue',0,1,0,1,'테스트1',4,'테스트1','테스트1'),(65,'Event #2','2022-02-18 14:15:00','2022-02-18 19:45:00','undefined','blue',0,2,0,1,'테스트2',5,'테스트2','테스트2'),(66,'Event #3','2022-02-18 16:15','2022-02-18 21:30','undefined','blue',0,3,0,1,'테스트3',6,'테스트3','테스트3'),(67,'Event #4','2022-02-18 13:00','2022-02-18 13:30','undefined','cyan',0,3,0,1,'테스트3',6,'테스트3','테스트3'),(68,'Event #5','2022-02-18 14:30','2022-02-18 22:00','undefined','blue',0,3,0,1,'테스트5',7,'00','00'),(69,'Event #6','2022-02-18 20:15','2022-02-18 22:45','undefined','blue',0,4,0,1,'녹화시간4',7,'녹화시간4','녹화시간4'),(70,'Event #7','2022-02-18 14:45','2022-02-18 23:00','undefined','orange',0,4,0,1,'테스트4',7,'00','00'),(71,'Event #3','2022-02-18 13:45','2022-02-18 22:00','undefined','blue',0,3,0,1,'테스트3',6,'테스트3','테스트3'),(72,'Event #4','2022-02-18 15:45','2022-02-18 23:30','undefined','green',0,3,0,1,'환자3',6,'00','00'),(73,'Event #2','2022-02-18 14:15','2022-02-18 23:00','undefined','green',0,4,0,1,'환자4',7,'00','00'),(74,'Event #5','2022-02-21 10:00:00','2022-02-21 12:00:00','undefined','blue',0,3,0,1,'환자10',4,'',''),(75,'Event #6','2022-02-21 11:00','2022-02-21 13:30','undefined','deep-purple',0,3,0,1,'환자11',5,'',''),(76,'Event #7','2022-02-21 12:00','2022-02-21 14:00','undefined','cyan',0,3,0,1,'환자12',6,'',''),(77,'Event #8','2022-02-21 13:00','2022-02-21 15:00','undefined','green',0,3,0,1,'환자13',7,'',''),(78,'Event #9','2022-02-21 14:00','2022-02-21 16:00','undefined','orange',0,3,0,1,'환자14',4,'',''),(79,'Event #2','2022-02-21 13:00','2022-02-21 13:00','undefined','blue',0,4,0,1,'환자4-13',4,'11','11'),(80,'Event #4','2022-02-21 14:00','2022-02-21 14:00','undefined','deep-purple',0,4,0,1,'환자4-14',5,'111','111'),(81,'Event #5','2022-02-21 15:00','2022-02-21 15:00','undefined','cyan',0,4,0,1,'환자4-15',6,'123','123'),(82,'Event #6','2022-02-21 16:00:00','2022-02-21 16:45:00','undefined','indigo',0,4,0,1,'환자4-16',6,'345','345'),(83,'Event #7','2022-02-21 17:00','2022-02-21 17:00','undefined','cyan',0,4,0,1,'환자4-17',7,'34ㅅㄷㅈㄱ','2453'),(84,'Event #8','2022-02-21 18:00','2022-02-21 18:00','undefined','orange',0,4,0,1,'환자4-18',5,'2352345','3463456'),(85,'Event #9','2022-02-21 19:00','2022-02-21 19:00','undefined','deep-purple',0,4,0,1,'환자4-19',4,'2342352','46346346'),(86,'Event #10','2022-02-21 20:00','2022-02-21 20:00','undefined','deep-purple',0,4,0,1,'환자4-20',5,'222222','22222'),(87,'Event #11','2022-02-21 21:00','2022-02-21 21:15','undefined','green',0,4,0,1,'환자4-21',4,'212121','212121'),(88,'Event #12','2022-02-21 22:00','2022-02-21 22:00','undefined','deep-purple',0,4,0,1,'환자4-22',5,'1111','2222'),(89,'Event #10','2022-02-22 01:00:00','2022-02-22 02:45:00','undefined','blue',0,3,0,1,'환자3-0222-01',4,'환자3-0222-01','환자3-0222-01'),(90,'Event #11','2022-02-22 01:30','2022-02-22 01:30','undefined','indigo',0,3,0,1,'환자3-0222-02',4,'환자3-0222-02','환자3-0222-02'),(91,'Event #12','2022-02-22 02:15','2022-02-22 02:15','undefined','deep-purple',0,3,0,1,'환자3-0222-03',4,'환자3-0222-03','환자3-0222-03'),(92,'Event #13','2022-02-22 02:45','2022-02-22 02:45','undefined','cyan',0,3,0,1,'환자3-0222-04',5,'환자3-0222-04','환자3-0222-04'),(93,'Event #14','2022-02-22 03:30','2022-02-22 03:30','undefined','green',0,3,0,1,'환자3-0222-05',5,'환자3-0222-05','환자3-0222-05'),(94,'Event #15','2022-02-22 04:00','2022-02-22 04:00','undefined','orange',0,3,0,1,'환자3-0222-06',5,'환자3-0222-06','환자3-0222-06'),(95,'Event #16','2022-02-22 04:30','2022-02-22 04:45','undefined','indigo',0,3,0,1,'환자3-0222-07',6,'환자3-0222-07','환자3-0222-07'),(96,'Event #17','2022-02-22 05:00','2022-02-22 05:00','undefined','deep-purple',0,3,0,1,'환자3-0222-08',4,'환자3-0222-08','환자3-0222-08'),(97,'Event #18','2022-02-22 05:30','2022-02-22 05:30','undefined','cyan',0,3,0,1,'환자3-0222-09',5,'환자3-0222-09','환자3-0222-09'),(98,'Event #19','2022-02-22 06:00','2022-02-22 06:00','undefined','green',0,3,0,1,'환자3-0222-10',5,'환자3-0222-10','환자3-0222-10'),(99,'Event #20','2022-02-22 06:30','2022-02-22 06:30','undefined','orange',0,3,0,1,'환자3-0222-11',5,'환자3-0222-11','환자3-0222-11'),(100,'Event #21','2022-02-22 07:00','2022-02-22 07:15','undefined','blue',0,3,0,1,'환자3-0222-12',6,'환자3-0222-12','환자3-0222-12'),(101,'Event #22','2022-02-22 07:30','2022-02-22 07:30','undefined','deep-purple',0,3,0,1,'환자3-0222-13',5,'환자3-0222-13','환자3-0222-13'),(102,'Event #23','2022-02-22 08:15','2022-02-22 08:15','undefined','cyan',0,3,0,1,'환자3-0222-14',5,'환자3-0222-14','환자3-0222-14'),(103,'Event #24','2022-02-22 08:45','2022-02-22 08:45','undefined','green',0,3,0,1,'환자3-0222-15',6,'환자3-0222-15','환자3-0222-15'),(104,'Event #25','2022-02-22 09:15','2022-02-22 09:15','undefined','green',0,3,0,0,'환자3-0222-16',5,'환자3-0222-16','환자3-0222-16'),(105,'Event #26','2022-02-22 09:45','2022-02-22 09:45','undefined','green',0,3,0,0,'환자3-0222-17',5,'환자3-0222-17','환자3-0222-17'),(106,'Event #27','2022-02-22 10:15','2022-02-22 10:15','undefined','deep-purple',0,3,0,0,'환자3-0222-18',6,'환자3-0222-18','환자3-0222-18'),(107,'Event #28','2022-02-22 10:45','2022-02-22 10:45','undefined','cyan',0,3,0,0,'환자3-0222-19',4,'환자3-0222-19','환자3-0222-19'),(108,'Event #29','2022-02-22 11:15','2022-02-22 11:15','undefined','orange',0,3,0,0,'환자3-0222-20',6,'환자3-0222-20','환자3-0222-20'),(109,'Event #46','2022-02-22 12:30','2022-02-22 12:30','undefined','blue',0,1,0,1,'테스트1',4,'테스트1','테스트1'),(110,'Event #13','2022-02-22 01:00','2022-02-22 01:00','undefined','blue',0,4,0,1,'환자4-0222-01',4,'환자4-0222-01','환자4-0222-01'),(111,'Event #14','2022-02-22 01:30','2022-02-22 01:30','undefined','indigo',0,4,0,1,'환자4-0222-02',5,'환자4-0222-02','환자4-0222-02'),(112,'Event #15','2022-02-22 02:00','2022-02-22 02:00','undefined','deep-purple',0,4,0,0,'환자4-0222-03',5,'환자4-0222-03','환자4-0222-03'),(113,'Event #16','2022-02-22 02:30','2022-02-22 02:30','undefined','green',0,4,0,0,'환자4-0222-04',6,'환자4-0222-04','환자4-0222-04'),(114,'Event #17','2022-02-22 03:15','2022-02-22 03:15','undefined','orange',0,4,0,0,'환자4-0222-05',7,'환자4-0222-05','환자4-0222-05'),(115,'Event #18','2022-02-22 03:45','2022-02-22 03:45','undefined','blue',0,4,0,0,'환자4-0222-06',5,'환자4-0222-06','환자4-0222-06'),(116,'Event #19','2022-02-22 04:15','2022-02-22 04:15','undefined','deep-purple',0,4,0,0,'환자4-0222-07',6,'환자4-0222-07','환자4-0222-07'),(117,'Event #20','2022-02-22 04:45','2022-02-22 04:45','undefined','orange',0,4,0,0,'환자4-0222-08',6,'환자4-0222-08','환자4-0222-08'),(118,'Event #21','2022-02-22 05:15','2022-02-22 05:15','undefined','deep-purple',0,4,0,0,'환자4-0222-09',6,'환자4-0222-09','환자4-0222-09'),(119,'Event #22','2022-02-22 06:00','2022-02-22 06:00','undefined','cyan',0,4,0,0,'환자4-0222-10',6,'환자4-0222-10','환자4-0222-10'),(120,'Event #30','2022-02-23 01:00','2022-02-23 01:00','undefined','blue',0,3,0,1,'환자3-0223-01',4,'환자3-0223-01','환자3-0223-01'),(121,'Event #31','2022-02-23 01:30','2022-02-23 01:30','undefined','indigo',0,3,0,1,'환자3-0223-02',5,'환자3-0223-02','환자3-0223-02'),(122,'Event #32','2022-02-23 02:15','2022-02-23 02:30','undefined','cyan',0,3,0,1,'환자3-0223-03',6,'환자3-0223-03','환자3-0223-03'),(123,'Event #33','2022-02-23 02:45','2022-02-23 02:45','undefined','deep-purple',0,3,0,0,'환자3-0223-04',7,'환자3-0223-04','환자3-0223-04'),(124,'Event #34','2022-02-23 03:15','2022-02-23 03:15','undefined','cyan',0,3,0,0,'환자3-0223-05',4,'환자3-0223-05','환자3-0223-05'),(125,'Event #35','2022-02-23 03:45','2022-02-23 04:15','undefined','green',0,3,0,0,'환자3-0223-06',5,'환자3-0223-06','환자3-0223-06'),(126,'Event #36','2022-02-23 04:30','2022-02-23 04:30','undefined','orange',0,3,0,0,'환자3-0223-07',6,'환자3-0223-07','환자3-0223-07'),(127,'Event #37','2022-02-23 05:00','2022-02-23 05:00','undefined','blue',0,3,0,0,'환자3-0223-08',7,'환자3-0223-08','환자3-0223-08'),(128,'Event #38','2022-02-23 05:30','2022-02-23 05:30','undefined','deep-purple',0,3,0,0,'환자3-0223-09',4,'환자3-0223-09','환자3-0223-09'),(129,'Event #39','2022-02-23 06:00','2022-02-23 06:00','undefined','orange',0,3,0,0,'환자3-0223-10',6,'환자3-0223-10','환자3-0223-10'),(130,'Event #23','2022-02-23 04:15','2022-02-23 04:15','undefined','blue',0,4,0,1,'환자4-0223-01',4,'환자4-0223-01','환자4-0223-01'),(131,'Event #24','2022-02-23 04:45','2022-02-23 04:45','undefined','indigo',0,4,0,1,'환자4-0223-02',5,'환자4-0223-02','환자4-0223-02'),(132,'Event #25','2022-02-23 05:15','2022-02-23 05:15','undefined','deep-purple',0,4,0,1,'환자4-0223-03',6,'환자4-0223-03','환자4-0223-03'),(133,'Event #26','2022-02-23 05:45','2022-02-23 05:45','undefined','cyan',0,4,0,0,'환자4-0223-04',7,'환자4-0223-04','환자4-0223-04'),(134,'Event #27','2022-02-23 06:15','2022-02-23 06:15','undefined','green',0,4,0,0,'환자4-0223-05',4,'환자4-0223-05','환자4-0223-05'),(135,'Event #28','2022-02-23 07:00','2022-02-23 07:00','undefined','orange',0,4,0,0,'환자4-0223-06',5,'환자4-0223-06','환자4-0223-06'),(136,'Event #29','2022-02-23 07:45','2022-02-23 08:00','undefined','deep-purple',0,4,0,0,'환자4-0223-07',6,'환자4-0223-07','환자4-0223-07'),(137,'Event #30','2022-02-23 08:30','2022-02-23 08:30','undefined','orange',0,4,0,0,'환자4-0223-08',7,'환자4-0223-08','환자4-0223-08'),(139,'Event #75','2022-02-23 13:15:00','2022-02-23 19:45:00','undefined','blue',0,1,0,1,'test',4,'test','test'),(140,'Event #40','2022-02-24 14:00','2022-02-24 15:00','undefined','blue',0,3,0,1,'환자3-0224-01',4,'환자3-0224-01','환자3-0224-01'),(141,'Event #41','2022-02-24 15:00','2022-02-24 16:00','undefined','indigo',0,3,0,0,'환자3-0224-02',5,'환자3-0224-02','환자3-0224-02'),(142,'Event #42','2022-02-24 16:00','2022-02-24 17:00','undefined','deep-purple',0,3,0,0,'환자3-0224-03',6,'환자3-0224-03','환자3-0224-03'),(143,'Event #43','2022-02-24 17:00','2022-02-24 18:00','undefined','cyan',0,3,0,0,'환자3-0224-04',7,'환자3-0224-04','환자3-0224-04'),(144,'Event #44','2022-02-24 18:00','2022-02-24 19:00','undefined','green',0,3,0,0,'환자3-0224-05',4,'환자3-0224-05','환자3-0224-05'),(145,'Event #45','2022-02-24 19:00','2022-02-24 20:00','undefined','orange',0,3,0,0,'환자3-0224-06',5,'환자3-0224-06','환자3-0224-06'),(146,'Event #31','2022-02-24 14:15','2022-02-24 15:00','undefined','blue',0,4,0,1,'환자4-0224-01',4,'환자4-0224-01','환자4-0224-01'),(147,'Event #32','2022-02-24 15:00','2022-02-24 16:00','undefined','indigo',0,4,0,0,'환자4-0224-02',5,'환자4-0224-02','환자4-0224-02'),(148,'Event #33','2022-02-24 16:15','2022-02-24 18:00','undefined','green',0,4,0,0,'환자4-0224-03',6,'환자4-0224-03','환자4-0224-03'),(149,'Event #85','2022-02-25 13:00','2022-02-25 18:00','undefined','green',0,1,0,0,'환자3-0225-012435',4,'환자3-0225-01','환자3-0225-01'),(150,'Event #46','2022-02-25 13:00','2022-02-25 20:00','undefined','deep-purple',0,3,0,1,'환자3-0225-02',5,'환자3-0225-02','환자3-0225-02'),(151,'Event #34','2022-02-25 14:15:00','2022-02-25 19:30:00','undefined','blue',0,4,0,1,'환자4-0225-01',6,'환자4-0225-01','환자4-0225-01'),(152,'Event #47','2022-02-28 09:00','2022-02-28 13:00','undefined','blue',0,3,0,1,'환자3-0228-01',4,'환자3-0228-01','환자3-0228-01'),(153,'Event #35','2022-02-28 09:15','2022-02-28 13:15','undefined','deep-purple',0,4,0,1,'환자4-0228-01',6,'환자4-0228-01','환자4-0228-01'),(155,'Event #48','2022-02-28 13:30','2022-02-28 17:00','undefined','orange',0,3,0,1,'환자3-0228-02',4,'환자3-0228-02','환자3-0228-02'),(156,'Event #36','2022-02-28 14:30:00','2022-02-28 18:45:00','undefined','cyan',0,4,0,1,'환자4-0228-02',6,'환자4-0228-02','환자4-0228-02'),(161,'test1','2022-02-28 15:00:00','2022-02-28 15:45:00','undefined','indigo',0,2,0,1,'test1',5,'test1','test1'),(163,'Event #93','2022-02-28 16:00','2022-02-28 21:00','undefined','cyan',0,1,0,1,'무지아파',5,'111222','11112222'),(164,'Event #94','2022-02-28 21:15','2022-02-28 21:15','undefined','orange',0,1,0,1,'2일아파',4,'1414555','121212'),(165,'Event #0','2022-03-02 05:15:00','2022-03-02 09:15:00','12345','blue',0,1,0,1,'테스트1',4,'1','111'),(166,'Event #0','2022-03-02 11:00','2022-03-02 12:00','undefined','blue',0,3,0,1,'환자3-0302-01',4,'환자3-0302-01','환자3-0302-01'),(167,'Event #0','2022-03-02 09:30:00','2022-03-02 12:00:00','undefined','blue',0,4,0,1,'환자4-0302-01',6,'환자4-0302-01','환자4-0302-01'),(168,'Event #1','2022-03-02 11:15','2022-03-02 14:30','undefined','deep-purple',0,4,0,1,'환자4-0302-02',7,'환자4-0302-02','환자4-0302-02'),(169,'Event #1','2022-03-02 12:00','2022-03-02 14:15','undefined','green',0,3,0,1,'환자3-0302-02',5,'환자3-0302-02','환자3-0302-02'),(170,'Event #2','2022-03-02 12:45','2022-03-02 15:30','undefined','orange',0,3,0,1,'환자3-0302-03',4,'환자3-0302-03','환자3-0302-03'),(171,'Event #2','2022-03-02 12:30','2022-03-02 15:45','undefined','cyan',0,4,0,1,'환자4-0302-03',6,'환자4-0302-03','환자4-0302-03'),(172,'Event #3','2022-03-02 13:45','2022-03-02 17:00','undefined','indigo',0,3,0,1,'환자3-0302-4',5,'환자3-0302-4','환자3-0302-4'),(173,'Event #3','2022-03-02 14:15','2022-03-02 16:45','undefined','orange',0,4,0,1,'환자4-0302-4',6,'환자4-0302-4','환자4-0302-4'),(174,'Event #4','2022-03-02 15:45','2022-03-02 17:45','undefined','green',0,4,0,1,'환자4-0302-5',6,'환자4-0302-5','환자4-0302-5'),(175,'Event #5','2022-03-02 17:30','2022-03-02 19:15','undefined','deep-purple',0,4,0,1,'환자4-0302-6',7,'환자4-0302-6','환자4-0302-6'),(176,'Event #4','2022-03-02 15:45','2022-03-02 17:30','undefined','deep-purple',0,3,0,1,'환자3-0302-5',6,'환자3-0302-5','환자3-0302-5'),(177,'Event #5','2022-03-02 16:15','2022-03-02 19:00','undefined','green',0,3,0,1,'환자3-0302-6',5,'환자3-0302-6','환자3-0302-6'),(178,'Event #1','2022-03-02 13:00','2022-03-02 15:30','undefined','deep-purple',0,1,0,1,'환자1',4,'환자1','환자1'),(179,'Event #0','2022-03-02 14:15','2022-03-02 22:00','undefined','deep-purple',0,2,0,1,'환자2',5,'환자2','환자2'),(180,'Event #6','2022-03-02 18:15','2022-03-02 22:15','undefined','orange',0,3,0,1,'환자3',6,'환자3','환자3'),(181,'Event #6','2022-03-02 16:00','2022-03-02 22:45','undefined','indigo',0,4,0,1,'환자4',7,'환자4','환자4'),(182,'Event #0','2022-03-02 14:15','2022-03-02 20:15','undefined','indigo',0,5,0,1,'환자5',5,'환자5','환자5'),(183,'Event #7','2022-03-03 10:30:00','2022-03-03 12:00:00','undefined','blue',0,3,0,1,'환자3-1',4,'환자3-1','111111'),(184,'Event #8','2022-03-03 12:30:00','2022-03-03 14:00:00','undefined','deep-purple',0,3,0,1,'환자3-2',6,'환자3-2','33333'),(185,'Event #9','2022-03-03 14:15:00','2022-03-03 17:30:00','undefined','orange',0,3,0,1,'환자3-3',7,'환자3-3','11111'),(215,'Event #2','2022-03-04 00:30','2022-03-04 01:30','undefined','blue',0,1,0,1,'1111',4,'1111','1111'),(216,'Event #1','2022-03-04 00:30','2022-03-04 01:30','undefined','blue',0,2,0,1,'2222',5,'2222','2222'),(217,'Event #10','2022-03-04 00:30','2022-03-04 01:30','undefined','blue',0,3,0,1,'3333',6,'3333','3333'),(218,'Event #7','2022-03-04 00:30','2022-03-04 01:30','undefined','blue',0,4,0,1,'4444',7,'4444','4444'),(219,'Event #1','2022-03-04 00:30','2022-03-04 01:30','undefined','blue',0,5,0,1,'5555',7,'5555','5555'),(220,'Event #3','2022-03-04 05:30','2022-03-04 10:15','undefined','blue',0,1,0,1,'1111',4,'1111','1111'),(221,'Event #2','2022-03-04 06:15','2022-03-04 10:15','undefined','indigo',0,2,0,1,'2222',5,'2222','2222'),(222,'Event #11','2022-03-04 04:00','2022-03-04 07:00','undefined','deep-purple',0,3,0,1,'3333',6,'3333','3333'),(223,'Event #8','2022-03-04 03:30','2022-03-04 07:15','undefined','cyan',0,4,0,1,'4444',7,'4444','4444'),(224,'Event #2','2022-03-04 07:15','2022-03-04 11:30','undefined','green',0,5,0,1,'5555',4,'5555','5555'),(225,'Event #31','2022-03-07 00:30','2022-03-07 01:30','undefined','blue',0,1,0,1,'test',4,'test','test'),(226,'Event #32','2022-03-07 01:45','2022-03-07 02:45','undefined','blue',0,2,0,1,'test',5,'test','test'),(227,'Event #4','2022-03-07 03:00','2022-03-07 04:15','undefined','deep-purple',0,2,0,1,'조윤식',6,'1234','030908'),(228,'Event #5','2022-03-07 01:45','2022-03-07 03:00','undefined','deep-purple',0,1,0,1,'조조유윤시식',5,'11223344','003300990088'),(229,'Event #5','2022-03-07 04:15','2022-03-07 06:15','undefined','blue',0,2,0,1,'조윤식식식',4,'123444','03090888'),(230,'Event #12','2022-03-07 06:45','2022-03-07 08:15','undefined','cyan',0,3,0,1,'저연셕',7,'1231123','990123'),(231,'Event #37','2022-03-07 08:30','2022-03-07 10:00','undefined','orange',0,2,0,1,'방장덕',5,'124356','123456'),(232,'Event #37','2022-03-07 10:45','2022-03-07 12:00','undefined','green',0,1,0,1,'항정살',4,'321321','321321'),(233,'내과 수술','2022-03-07 01:15','2022-03-07 04:15','ㅁㅁㅁ','deep-purple',0,3,0,1,'조윤식',5,'123456','030908'),(234,'123','2022-03-07 13:00','2022-03-07 14:00','undefined','blue',0,1,0,1,'123',4,'123','123'),(235,'qqqq','2022-03-07 00:45','2022-03-07 02:00','undefined','blue',0,7,0,1,'qqqqq',4,'qqqqq','qqqqq'),(236,'www','2022-03-07 02:00','2022-03-07 03:00','undefined','blue',0,7,0,1,'wwww',5,'wwww','wwwww'),(237,'내과 수술','2022-03-07 10:00','2022-03-07 11:15','undefined','blue',0,2,0,1,'조윤식',4,'123456','030908'),(238,'내과 수술','2022-03-07 14:30','2022-03-07 17:15','undefined','blue',0,1,0,1,'홍길동',4,'102293','991223'),(239,'김기명','2022-03-07 11:30','2022-03-07 13:00','undefined','blue',0,2,1,0,'김기명',5,'112233','9911223');
/*!40000 ALTER TABLE `schedule` ENABLE KEYS */;
UNLOCK TABLES;

--
-- Table structure for table `settings`
--

DROP TABLE IF EXISTS `settings`;
/*!40101 SET @saved_cs_client     = @@character_set_client */;
/*!40101 SET character_set_client = utf8 */;
CREATE TABLE `settings` (
  `id` int(11) NOT NULL AUTO_INCREMENT,
  `watermark` tinyint(1) NOT NULL DEFAULT 0,
  `face` tinyint(1) NOT NULL DEFAULT 0,
  `human` tinyint(1) NOT NULL DEFAULT 0,
  `voice` tinyint(1) NOT NULL DEFAULT 0,
  PRIMARY KEY (`id`)
) ENGINE=InnoDB AUTO_INCREMENT=2 DEFAULT CHARSET=utf8mb4;
/*!40101 SET character_set_client = @saved_cs_client */;

--
-- Dumping data for table `settings`
--

LOCK TABLES `settings` WRITE;
/*!40000 ALTER TABLE `settings` DISABLE KEYS */;
INSERT INTO `settings` VALUES (1,1,1,0,1);
/*!40000 ALTER TABLE `settings` ENABLE KEYS */;
UNLOCK TABLES;

--
-- Table structure for table `splited_records`
--

DROP TABLE IF EXISTS `splited_records`;
/*!40101 SET @saved_cs_client     = @@character_set_client */;
/*!40101 SET character_set_client = utf8 */;
CREATE TABLE `splited_records` (
  `id` int(11) NOT NULL AUTO_INCREMENT,
  `video_link` varchar(255) NOT NULL,
  `date` varchar(100) NOT NULL,
  `takeout_link` varchar(255) DEFAULT NULL,
  `record_id` int(11) DEFAULT NULL,
  PRIMARY KEY (`id`),
  KEY `splited_records_FK` (`record_id`),
  CONSTRAINT `splited_records_FK` FOREIGN KEY (`record_id`) REFERENCES `records` (`id`)
) ENGINE=InnoDB AUTO_INCREMENT=136 DEFAULT CHARSET=utf8mb4;
/*!40101 SET character_set_client = @saved_cs_client */;

--
-- Dumping data for table `splited_records`
--

LOCK TABLES `splited_records` WRITE;
/*!40000 ALTER TABLE `splited_records` DISABLE KEYS */;
INSERT INTO `splited_records` VALUES (3,'20220120054826874','2022-01-20 05:48:26',NULL,36),(4,'20220218050812943','2022-02-18 05:08:12',NULL,52),(5,'20220218050812941','2022-02-18 05:08:12',NULL,46),(6,'20220218050812942','2022-02-18 05:08:12',NULL,49),(7,'20220218050812943','2022-02-18 05:08:12',NULL,51),(8,'20220218050812942','2022-02-18 05:08:12',NULL,48),(9,'20220218050813383','2022-02-18 05:08:13',NULL,52),(10,'20220218050813381','2022-02-18 05:08:13',NULL,46),(11,'20220218050813382','2022-02-18 05:08:13',NULL,48),(12,'20220218050813383','2022-02-18 05:08:13',NULL,49),(13,'20220218050813383','2022-02-18 05:08:13',NULL,51),(14,'20220218050815608','2022-02-18 05:08:15',NULL,52),(15,'20220218050815606','2022-02-18 05:08:15',NULL,46),(16,'20220218050815607','2022-02-18 05:08:15',NULL,48),(17,'20220218050815608','2022-02-18 05:08:15',NULL,49),(18,'20220218050815608','2022-02-18 05:08:15',NULL,51),(19,'20220218050815915','2022-02-18 05:08:15',NULL,52),(20,'20220218050815913','2022-02-18 05:08:15',NULL,46),(21,'20220218050815914','2022-02-18 05:08:15',NULL,48),(22,'20220218050815914','2022-02-18 05:08:15',NULL,49),(23,'20220218050815914','2022-02-18 05:08:15',NULL,51),(24,'20220218050837772','2022-02-18 05:08:37',NULL,52),(25,'20220218050837770','2022-02-18 05:08:37',NULL,46),(26,'20220218050837771','2022-02-18 05:08:37',NULL,48),(27,'20220218050837772','2022-02-18 05:08:37',NULL,49),(28,'20220218050837772','2022-02-18 05:08:37',NULL,51),(29,'20220218050838049','2022-02-18 05:08:38',NULL,52),(30,'20220218050838047','2022-02-18 05:08:38',NULL,46),(31,'20220218050838048','2022-02-18 05:08:38',NULL,48),(32,'20220218050838048','2022-02-18 05:08:38',NULL,49),(33,'20220218050838049','2022-02-18 05:08:38',NULL,51),(34,'20220218050840147','2022-02-18 05:08:40',NULL,52),(35,'20220218050840145','2022-02-18 05:08:40',NULL,46),(36,'20220218050840146','2022-02-18 05:08:40',NULL,48),(37,'20220218050840147','2022-02-18 05:08:40',NULL,49),(38,'20220218050840147','2022-02-18 05:08:40',NULL,51),(39,'20220218050840443','2022-02-18 05:08:40',NULL,52),(40,'20220218050840441','2022-02-18 05:08:40',NULL,46),(41,'20220218050840442','2022-02-18 05:08:40',NULL,48),(42,'20220218050840442','2022-02-18 05:08:40',NULL,49),(43,'20220218050840443','2022-02-18 05:08:40',NULL,51),(44,'20220218051131284','2022-02-18 05:11:31',NULL,52),(45,'20220218051131282','2022-02-18 05:11:31',NULL,46),(46,'20220218051131283','2022-02-18 05:11:31',NULL,48),(47,'20220218051131284','2022-02-18 05:11:31',NULL,49),(48,'20220218051131284','2022-02-18 05:11:31',NULL,51),(49,'20220218051131564','2022-02-18 05:11:31',NULL,52),(50,'20220218051131563','2022-02-18 05:11:31',NULL,46),(51,'20220218051131564','2022-02-18 05:11:31',NULL,48),(52,'20220218051131564','2022-02-18 05:11:31',NULL,49),(53,'20220218051131564','2022-02-18 05:11:31',NULL,51),(54,'20220221042528919','2022-02-21 04:25:28',NULL,64),(55,'20220221042528917','2022-02-21 04:25:28',NULL,46),(56,'20220221042528918','2022-02-21 04:25:28',NULL,49),(57,'20220221042528919','2022-02-21 04:25:28',NULL,60),(58,'20220221042528919','2022-02-21 04:25:28',NULL,52),(59,'20220221042529277','2022-02-21 04:25:29',NULL,64),(60,'20220221042529275','2022-02-21 04:25:29',NULL,46),(61,'20220221042529276','2022-02-21 04:25:29',NULL,49),(62,'20220221042529276','2022-02-21 04:25:29',NULL,52),(63,'20220221042529277','2022-02-21 04:25:29',NULL,60),(64,'20220221042531545','2022-02-21 04:25:31',NULL,64),(65,'20220221042531543','2022-02-21 04:25:31',NULL,46),(66,'20220221042531544','2022-02-21 04:25:31',NULL,49),(67,'20220221042531544','2022-02-21 04:25:31',NULL,52),(68,'20220221042531544','2022-02-21 04:25:31',NULL,60),(69,'20220221042531842','2022-02-21 04:25:31',NULL,64),(70,'20220221042531840','2022-02-21 04:25:31',NULL,46),(71,'20220221042531841','2022-02-21 04:25:31',NULL,49),(72,'20220221042531841','2022-02-21 04:25:31',NULL,52),(73,'20220221042531841','2022-02-21 04:25:31',NULL,60),(74,'20220228114553439','2022-02-28 11:45:53',NULL,105),(75,'20220228114553440','2022-02-28 11:45:53',NULL,106),(76,'20220228115417623','2022-02-28 11:54:17',NULL,105),(77,'20220228115417624','2022-02-28 11:54:17',NULL,106),(78,'20220304142133510','2022-03-04 14:21:33',NULL,142),(79,'20220304142133508','2022-03-04 14:21:33',NULL,138),(80,'20220304142133509','2022-03-04 14:21:33',NULL,139),(81,'20220304142133509','2022-03-04 14:21:33',NULL,140),(82,'20220304142133509','2022-03-04 14:21:33',NULL,141),(83,'20220304142133774','2022-03-04 14:21:33',NULL,142),(84,'20220304142133772','2022-03-04 14:21:33',NULL,138),(85,'20220304142133773','2022-03-04 14:21:33',NULL,139),(86,'20220304142133773','2022-03-04 14:21:33',NULL,140),(87,'20220304142133774','2022-03-04 14:21:33',NULL,141),(88,'20220304155455678','2022-03-04 15:54:55',NULL,142),(89,'20220304155455676','2022-03-04 15:54:55',NULL,138),(90,'20220304155455677','2022-03-04 15:54:55',NULL,139),(91,'20220304155455677','2022-03-04 15:54:55',NULL,140),(92,'20220304155455678','2022-03-04 15:54:55',NULL,141),(93,'20220304161315447','2022-03-04 16:13:15',NULL,142),(94,'20220304161315445','2022-03-04 16:13:15',NULL,138),(95,'20220304161315446','2022-03-04 16:13:15',NULL,139),(96,'20220304161315446','2022-03-04 16:13:15',NULL,140),(97,'20220304161315447','2022-03-04 16:13:15',NULL,141),(98,'20220304161315875','2022-03-04 16:13:15',NULL,142),(99,'20220304161315873','2022-03-04 16:13:15',NULL,138),(100,'20220304161315874','2022-03-04 16:13:15',NULL,139),(101,'20220304161315875','2022-03-04 16:13:15',NULL,140),(102,'20220304161315875','2022-03-04 16:13:15',NULL,141),(103,'20220307093611158','2022-03-07 09:36:11',NULL,176),(104,'20220307093645641','2022-03-07 09:36:45',NULL,176),(105,'20220307093740073','2022-03-07 09:37:40',NULL,176),(106,'20220307093854302','2022-03-07 09:38:54',NULL,176),(107,'20220307093858047','2022-03-07 09:38:58',NULL,176),(108,'20220307093902621','2022-03-07 09:39:02',NULL,176),(109,'20220307094002796','2022-03-07 09:40:02',NULL,176),(110,'20220307094009236','2022-03-07 09:40:09',NULL,176),(111,'20220307094124279','2022-03-07 09:41:24',NULL,176),(112,'20220307094224721','2022-03-07 09:42:24',NULL,176),(113,'20220307094228862','2022-03-07 09:42:28',NULL,176),(114,'20220307094651352','2022-03-07 09:46:51',NULL,176),(115,'20220307094724793','2022-03-07 09:47:24',NULL,176),(116,'20220307094803627','2022-03-07 09:48:03',NULL,176),(117,'20220307094958077','2022-03-07 09:49:58',NULL,176),(118,'20220307100115694','2022-03-07 10:01:15',NULL,176),(119,'20220307115750939','2022-03-07 11:57:50',NULL,179),(120,'20220307115751222','2022-03-07 11:57:51',NULL,179),(121,'20220307115751741','2022-03-07 11:57:51',NULL,179),(122,'20220307115752129','2022-03-07 11:57:52',NULL,179),(123,'20220307115752411','2022-03-07 11:57:52',NULL,179),(124,'20220307115807367','2022-03-07 11:58:07',NULL,179),(125,'20220307115807653','2022-03-07 11:58:07',NULL,179),(126,'20220307115807898','2022-03-07 11:58:07',NULL,179),(127,'20220307115808184','2022-03-07 11:58:08',NULL,179),(128,'20220307115808549','2022-03-07 11:58:08',NULL,179),(129,'20220307115808827','2022-03-07 11:58:08',NULL,179),(130,'20220307132958038','2022-03-07 13:29:58',NULL,181),(131,'20220307132958039','2022-03-07 13:29:58',NULL,182),(132,'20220307132958469','2022-03-07 13:29:58',NULL,181),(133,'20220307132958470','2022-03-07 13:29:58',NULL,182),(134,'20220307133022131','2022-03-07 13:30:22',NULL,181),(135,'20220307133022132','2022-03-07 13:30:22',NULL,182);
/*!40000 ALTER TABLE `splited_records` ENABLE KEYS */;
UNLOCK TABLES;

--
-- Table structure for table `surgery`
--

DROP TABLE IF EXISTS `surgery`;
/*!40101 SET @saved_cs_client     = @@character_set_client */;
/*!40101 SET character_set_client = utf8 */;
CREATE TABLE `surgery` (
  `surgery_id` int(11) NOT NULL AUTO_INCREMENT,
  `surgery_name` varchar(100) NOT NULL,
  `record` tinyint(1) NOT NULL DEFAULT 0,
  `record_time` varchar(100) DEFAULT NULL,
  `note` varchar(255) DEFAULT NULL,
  PRIMARY KEY (`surgery_id`)
) ENGINE=InnoDB AUTO_INCREMENT=8 DEFAULT CHARSET=utf8mb4;
/*!40101 SET character_set_client = @saved_cs_client */;

--
-- Dumping data for table `surgery`
--

LOCK TABLES `surgery` WRITE;
/*!40000 ALTER TABLE `surgery` DISABLE KEYS */;
INSERT INTO `surgery` VALUES (1,'수술실 #1',0,'2022-03-07 16:32:49',''),(2,'수술실 #2',1,'2022-03-07 16:34:28',''),(3,'수술실 #3',0,'2022-03-07 16:00:32',''),(4,'수술실 #4',0,'2022-03-04 17:47:30',''),(5,'수술실 #5',0,'2022-03-04 17:47:34',''),(7,'수술실 #6',0,'2022-03-07 16:21:21','');
/*!40000 ALTER TABLE `surgery` ENABLE KEYS */;
UNLOCK TABLES;

--
-- Table structure for table `surgery_reserv`
--

DROP TABLE IF EXISTS `surgery_reserv`;
/*!40101 SET @saved_cs_client     = @@character_set_client */;
/*!40101 SET character_set_client = utf8 */;
CREATE TABLE `surgery_reserv` (
  `id` int(11) NOT NULL AUTO_INCREMENT,
  `surgery_id` int(11) NOT NULL,
  `patient_name` varchar(100) NOT NULL,
  `doctor_name` varchar(100) NOT NULL,
  `start_time` varchar(100) DEFAULT NULL,
  `end_time` varchar(100) DEFAULT NULL,
  `patient_sex` varchar(100) DEFAULT NULL,
  `patient_status` varchar(100) DEFAULT NULL,
  `patient_age` varchar(100) DEFAULT NULL,
  `status` varchar(100) NOT NULL DEFAULT '2',
  PRIMARY KEY (`id`)
) ENGINE=InnoDB DEFAULT CHARSET=utf8mb4;
/*!40101 SET character_set_client = @saved_cs_client */;

--
-- Dumping data for table `surgery_reserv`
--

LOCK TABLES `surgery_reserv` WRITE;
/*!40000 ALTER TABLE `surgery_reserv` DISABLE KEYS */;
/*!40000 ALTER TABLE `surgery_reserv` ENABLE KEYS */;
UNLOCK TABLES;

--
-- Table structure for table `takeout_access`
--

DROP TABLE IF EXISTS `takeout_access`;
/*!40101 SET @saved_cs_client     = @@character_set_client */;
/*!40101 SET character_set_client = utf8 */;
CREATE TABLE `takeout_access` (
  `id` int(11) NOT NULL AUTO_INCREMENT,
  `user_id` int(11) NOT NULL,
  `record_id` int(11) NOT NULL,
  `status` varchar(100) DEFAULT NULL,
  `reason` varchar(255) DEFAULT NULL,
  `created_at` varchar(100) DEFAULT NULL,
  `updated_at` varchar(100) DEFAULT NULL,
  PRIMARY KEY (`id`),
  KEY `takeout_access_FK` (`user_id`) USING BTREE,
  KEY `takeout_access_FK_1` (`record_id`) USING BTREE
) ENGINE=InnoDB AUTO_INCREMENT=25 DEFAULT CHARSET=utf8mb4;
/*!40101 SET character_set_client = @saved_cs_client */;

--
-- Dumping data for table `takeout_access`
--

LOCK TABLES `takeout_access` WRITE;
/*!40000 ALTER TABLE `takeout_access` DISABLE KEYS */;
INSERT INTO `takeout_access` VALUES (8,1,56,NULL,'null','2022-02-18 14:34:23','2022-02-18 05:35:29'),(9,1,70,'permitted','null','2022-02-21 14:55:13','2022-03-04 16:07:13'),(10,1,134,'permitted','null','2022-03-03 11:10:48','2022-03-03 11:10:54'),(11,1,142,'permitted','null','2022-03-04 16:25:48','2022-03-04 16:26:16'),(12,1,141,'denied','null','2022-03-04 16:25:51','2022-03-04 16:26:23'),(13,1,141,'permitted','null','2022-03-04 16:26:27','2022-03-04 16:42:48'),(14,1,178,'permitted','null','2022-03-07 11:34:11','2022-03-07 11:34:16'),(15,1,179,'denied','null','2022-03-07 13:32:00','2022-03-07 13:50:26'),(16,1,180,'permitted','null','2022-03-07 13:32:02','2022-03-07 13:51:40'),(17,1,179,'denied','null','2022-03-07 13:51:51','2022-03-07 13:52:13'),(18,1,179,'permitted','null','2022-03-07 13:51:55','2022-03-07 13:54:44'),(19,1,181,'denied','null','2022-03-07 13:52:01','2022-03-07 13:54:48'),(20,1,182,'permitted','null','2022-03-07 13:52:04','2022-03-07 13:59:57'),(21,1,179,'permitted','null','2022-03-07 14:04:30','2022-03-07 14:04:37'),(22,1,179,'denied','null','2022-03-07 14:07:48','2022-03-07 14:07:58'),(23,1,177,'standby','null','2022-03-07 14:21:45',NULL),(24,1,188,'permitted','null','2022-03-07 16:36:03','2022-03-07 16:36:08');
/*!40000 ALTER TABLE `takeout_access` ENABLE KEYS */;
UNLOCK TABLES;
/*!40103 SET TIME_ZONE=@OLD_TIME_ZONE */;

/*!40101 SET SQL_MODE=@OLD_SQL_MODE */;
/*!40014 SET FOREIGN_KEY_CHECKS=@OLD_FOREIGN_KEY_CHECKS */;
/*!40014 SET UNIQUE_CHECKS=@OLD_UNIQUE_CHECKS */;
/*!40101 SET CHARACTER_SET_CLIENT=@OLD_CHARACTER_SET_CLIENT */;
/*!40101 SET CHARACTER_SET_RESULTS=@OLD_CHARACTER_SET_RESULTS */;
/*!40101 SET COLLATION_CONNECTION=@OLD_COLLATION_CONNECTION */;
/*!40111 SET SQL_NOTES=@OLD_SQL_NOTES */;

-- Dump completed on 2022-03-07 16:39:19
